time_s,x1_km,y1_km,z1_km,x2_km,y2_km,z2_km,distance_km
0.000000,7000.000000,0.000000,0.000000,7000.000000,10.000000,0.000000,10.000000
7.207207,6999.788727,54.053510,7.207135,6999.788730,63.981137,7.207135,9.927627
14.414414,6999.154922,108.103758,14.413834,6999.154943,117.958412,14.413834,9.854655
21.621622,6998.098623,162.147479,21.619664,6998.098691,171.928567,21.619664,9.781088
28.828829,6996.619895,216.181414,28.824188,6996.620052,225.888346,28.824189,9.706932
36.036036,6994.718829,270.202298,36.026973,6994.719131,279.834490,36.026974,9.632192
43.243243,6992.395541,324.206873,43.227583,6992.396056,333.763746,43.227585,9.556873
50.450450,6989.650175,378.191877,50.425584,6989.650984,387.672859,50.425587,9.480981
57.657658,6986.482897,432.154053,57.620540,6986.484095,441.558576,57.620545,9.404523
64.864865,6982.893904,486.090144,64.812019,6982.895596,495.417646,64.812027,9.327503
72.072072,6978.883414,539.996893,71.999586,6978.885718,549.246822,71.999597,9.249929
79.279279,6974.451673,593.871048,79.182806,6974.454721,603.042854,79.182823,9.171806
86.486486,6969.598955,647.709357,86.361248,6969.602887,656.802499,86.361271,9.093143
93.693694,6964.325555,701.508570,93.534476,6964.330525,710.522514,93.534509,9.013945
100.900901,6958.631798,755.265442,100.702059,6958.637970,764.199660,100.702103,8.934221
108.108108,6952.518033,808.976727,107.863564,6952.525582,817.830700,107.863621,8.853976
115.315315,6945.984634,862.639185,115.018558,6945.993746,871.412400,115.018632,8.773220
122.522523,6939.032003,916.249577,122.166610,6939.042875,924.941529,122.166704,8.691960
129.729730,6931.660566,969.804668,129.307289,6931.673403,978.414861,129.307406,8.610203
136.936937,6923.870775,1023.301229,136.440164,6923.885793,1031.829173,136.440308,8.527957
144.144144,6915.663106,1076.736030,143.564804,6915.680533,1085.181244,143.564980,8.445232
151.351351,6907.038065,1130.105847,150.680780,6907.058134,1138.467860,150.680993,8.362037
158.558559,6897.996179,1183.407462,157.787662,6898.019135,1191.685809,157.787917,8.278378
165.765766,6888.538003,1236.637659,164.885021,6888.564099,1244.831884,164.885324,8.194266
172.972973,6878.664117,1289.793228,171.972430,6878.693615,1297.902883,171.972787,8.109709
180.180180,6868.375127,1342.870962,179.049462,6868.408295,1350.895609,179.049880,8.024716
187.387387,6857.671662,1395.867660,186.115688,6857.708779,1403.806871,186.116174,7.939298
194.594595,6846.554379,1448.780125,193.170683,6846.595731,1456.633481,193.171246,7.853464
201.801802,6835.023960,1501.605168,200.214022,6835.069840,1509.372257,200.214669,7.767224
209.009009,6823.081111,1554.339604,207.245280,6823.131819,1562.020023,207.246020,7.680586
216.216216,6810.726564,1606.980252,214.264034,6810.782407,1614.573609,214.264876,7.593562
223.423423,6797.961077,1659.523939,221.269859,6798.022368,1667.029851,221.270813,7.506162
230.630631,6784.785432,1711.967499,228.262333,6784.852491,1719.385593,228.263411,7.418397
237.837838,6771.200436,1764.307769,235.241036,6771.273590,1771.637681,235.242247,7.330277
245.045045,6757.206921,1816.541595,242.205546,6757.286501,1823.782971,242.206903,7.241813
252.252252,6742.805746,1868.665830,249.155444,6742.892090,1875.818325,249.156959,7.153016
259.459459,6727.997793,1920.677332,256.090311,6728.091242,1927.740611,256.091996,7.063898
266.666667,6712.783968,1972.572968,263.009729,6712.884870,1979.546707,263.011598,6.974469
273.873874,6697.165204,2024.349612,269.913282,6697.273911,2031.233494,269.915348,6.884741
281.081081,6681.142457,2076.004144,276.800553,6681.259325,2082.797866,276.802832,6.794727
288.288288,6664.716709,2127.533453,283.671127,6664.842099,2134.236719,283.673634,6.704439
295.495495,6647.888966,2178.934436,290.524591,6648.023242,2185.546960,290.527341,6.613888
302.702703,6630.660259,2230.203997,297.360533,6630.803788,2236.725504,297.363542,6.523087
309.909910,6613.031643,2281.339050,304.178540,6613.184795,2287.769275,304.181825,6.432050
317.117117,6595.004197,2332.336516,310.978202,6595.167347,2338.675204,310.981780,6.340788
324.324324,6576.579024,2383.193326,317.759110,6576.752548,2389.440230,317.763000,6.249315
331.531532,6557.757253,2433.906419,324.520856,6557.941530,2440.061305,324.525076,6.157646
338.738739,6538.540037,2484.472741,331.263032,6538.735447,2490.535384,331.267601,6.065793
345.945946,6518.928551,2534.889251,337.985234,6519.135477,2540.859436,337.990172,5.973771
353.153153,6498.923996,2585.152917,344.687056,6499.142822,2591.030437,344.692383,5.881595
360.360360,6478.527597,2635.260714,351.368095,6478.758707,2641.045374,351.373832,5.789278
367.567568,6457.740600,2685.209628,358.027950,6457.984382,2690.901242,358.034119,5.696836
374.774775,6436.564279,2734.996658,364.666221,6436.821120,2740.595050,364.672843,5.604285
381.981982,6414.999929,2784.618807,371.282508,6415.270215,2790.123812,371.289605,5.511641
389.189189,6393.048869,2834.073093,377.876412,6393.332988,2839.484555,377.884008,5.418921
396.396396,6370.712443,2883.356544,384.447539,6371.010781,2888.674316,384.455657,5.326141
403.603604,6347.992016,2932.466197,390.995493,6348.304961,2937.690142,391.004157,5.233317
410.810811,6324.888977,2981.399104,397.519880,6325.216916,2986.529094,397.529115,5.140470
418.018018,6301.404741,3030.152323,404.020310,6301.748058,3035.188240,404.030139,5.047616
425.225225,6277.540741,3078.722926,410.496390,6277.899821,3083.664661,410.506840,4.954775
432.432432,6253.298439,3127.107996,416.947733,6253.673664,3131.955451,416.958829,4.861969
439.639640,6228.679316,3175.304627,423.373950,6229.071066,3180.057713,423.385720,4.769217
446.846847,6203.684876,3223.309927,429.774657,6204.093530,3227.968561,429.787126,4.676540
454.054054,6178.316648,3271.121013,436.149468,6178.742583,3275.685124,436.162663,4.583961
461.261261,6152.576181,3318.735018,442.498002,6153.019771,3323.204542,442.511951,4.491504
468.468468,6126.465049,3366.149083,448.819878,6126.926666,3370.523966,448.834608,4.399194
475.675676,6099.984846,3413.360366,455.114715,6100.464858,3417.640562,455.130255,4.307056
482.882883,6073.137191,3460.366034,461.382138,6073.635963,3464.551506,461.398516,4.215118
490.090090,6045.923723,3507.163268,467.621769,6046.441616,3511.253988,467.639014,4.123410
497.297297,6018.346105,3553.749262,473.833235,6018.883478,3557.745211,473.851376,4.031960
504.504505,5990.406021,3600.121225,480.016163,5990.963227,3604.022389,480.035230,3.940802
511.711712,5962.105177,3646.276378,486.170184,5962.682566,3650.082753,486.190205,3.849970
518.918919,5933.445300,3692.211956,492.294928,5934.043218,3695.923545,492.315933,3.759500
526.126126,5904.428140,3737.925208,498.390028,5905.046928,3741.542022,498.412048,3.669431
533.333333,5875.055467,3783.413395,504.455119,5875.695461,3786.935453,504.478185,3.579807
540.540541,5845.329076,3828.673795,510.489839,5845.990606,3832.101123,510.513980,3.490671
547.747748,5815.250779,3873.703696,516.493826,5815.934171,3877.036329,516.519072,3.402073
554.954955,5784.822412,3918.500406,522.466721,5785.527986,3921.738383,522.493103,3.314065
562.162162,5754.045831,3963.061244,528.408166,5754.773902,3966.204612,528.435715,3.226702
569.369369,5722.922913,4007.383545,534.317806,5723.673789,4010.432357,534.346553,3.140047
576.576577,5691.455556,4051.464659,540.195288,5692.229541,4054.418975,540.225263,3.054167
583.783784,5659.645678,4095.301950,546.040260,5660.443068,4098.161837,546.071494,2.969134
590.990991,5627.495220,4138.892797,551.852373,5628.316304,4141.658328,551.884897,2.885030
598.198198,5595.006141,4182.234597,557.631280,5595.851202,4184.905850,557.665124,2.801940
605.405405,5562.180422,4225.324759,563.376635,5563.049736,4227.901819,563.411830,2.719960
612.612613,5529.020063,4268.160711,569.088095,5529.913900,4270.643667,569.124672,2.639195
619.819820,5495.527083,4310.739895,574.765319,5496.445706,4313.128841,574.803308,2.559760
627.027027,5461.703525,4353.059771,580.407969,5462.647188,4355.354806,580.447400,2.481782
634.234234,5427.551447,4395.117811,586.015708,5428.520398,4397.319040,586.056610,2.405400
641.441441,5393.072930,4436.911509,591.588201,5394.067409,4439.019041,591.630605,2.330767
648.648649,5358.270073,4478.438371,597.125116,5359.290312,4480.452320,597.169051,2.258054
655.855856,5323.144996,4519.695921,602.626123,5324.191218,4521.616404,602.671618,2.187443
663.063063,5287.699837,4560.681700,608.090893,5288.772259,4562.508840,608.137977,2.119138
670.270270,5251.936753,4601.393266,613.519102,5253.035582,4603.127187,613.567804,2.053358
677.477477,5215.857920,4641.828194,618.910426,5216.983356,4643.469024,618.960773,1.990343
684.684685,5179.465534,4681.984077,624.264544,5180.617768,4683.531947,624.316564,1.930351
691.891892,5142.761808,4721.858525,629.581137,5143.941023,4723.313570,629.634858,1.873657
699.099099,5105.748973,4761.449164,634.859889,5106.955344,4762.811521,634.915337,1.820555
706.306306,5068.429283,4800.753640,640.100485,5069.662974,4802.023449,640.157687,1.771350
713.513514,5030.805006,4839.769614,645.302615,5032.066172,4840.947017,645.361596,1.726353
720.720721,4992.878430,4878.494767,650.465969,4994.167217,4879.579909,650.526754,1.685882
727.927928,4954.651859,4916.926798,655.590240,4955.968406,4917.919823,655.652853,1.650247
735.135135,4916.127617,4955.063424,660.675123,4917.472053,4955.964478,660.739589,1.619742
742.342342,4877.308043,4992.902381,665.720317,4878.680489,4993.711612,665.786658,1.594636
749.549550,4838.195497,5030.441422,670.725523,4839.596063,5031.158978,670.793761,1.575159
756.756757,4798.792354,5067.678320,675.690443,4800.221140,5068.304350,675.760600,1.561495
763.963964,4759.101006,5104.610865,680.614782,4760.558104,5105.145520,680.686879,1.553765
771.171171,4719.123865,5141.236867,685.498249,4720.609355,5141.680296,685.572306,1.552029
778.378378,4678.863357,5177.554156,690.340554,4680.377312,5177.906508,690.416589,1.556276
785.585586,4638.321926,5213.560579,695.141410,4639.864409,5213.822003,695.219443,1.566424
792.792793,4597.502032,5249.254003,699.900534,4599.073095,5249.424648,699.980580,1.582330
800.000000,4556.406150,5284.632317,704.617642,4558.005839,5284.712328,704.699718,1.603790
807.207207,4515.036775,5319.693427,709.292457,4516.665122,5319.682949,709.376578,1.630552
814.414414,4473.396414,5354.435258,713.924701,4475.053443,5354.334435,714.010881,1.662329
821.621622,4431.487593,5388.855756,718.514101,4433.173319,5388.664730,718.602353,1.698809
828.828829,4389.312853,5422.952886,723.060385,4391.027279,5422.671798,723.150721,1.739663
836.036036,4346.874751,5456.724633,727.563284,4348.617871,5456.353621,727.655716,1.784562
843.243243,4304.175859,5490.169004,732.022534,4305.947658,5489.708201,732.117069,1.833180
850.450450,4261.218763,5523.284025,736.437870,4263.019217,5522.733563,736.534517,1.885201
857.657658,4218.006065,5556.067742,740.809032,4219.835140,5555.427748,740.907799,1.940325
864.864865,4174.540383,5588.518222,745.135763,4176.398034,5587.788820,745.236654,1.998267
872.072072,4130.824348,5620.633552,749.417807,4132.710521,5619.814863,749.520827,2.058765
879.279279,4086.860607,5652.411841,753.654912,4088.775239,5651.503980,753.760063,2.121576
886.486486,4042.651823,5683.851216,757.846829,4044.594839,5682.854297,757.954113,2.186474
893.693694,3998.200670,5714.949827,761.993310,4000.171987,5713.863956,762.102727,2.253260
900.900901,3953.509838,5745.705845,766.094113,3955.509364,5744.531125,766.205660,2.321748
908.108108,3908.582030,5776.117462,770.148995,3910.609663,5774.853988,770.262671,2.391774
915.315315,3863.419964,5806.182891,774.157719,3865.475593,5804.830754,774.273517,2.463188
922.522523,3818.026370,5835.900366,778.120049,3820.109875,5834.459651,778.237964,2.535855
929.729730,3772.403991,5865.268144,782.035752,3774.515243,5863.738928,782.155776,2.609653
936.936937,3726.555587,5894.284500,785.904600,3728.694446,5892.666857,786.026722,2.684474
944.144144,3680.483927,5922.947735,789.726365,3682.650245,5921.241730,789.850574,2.760220
951.351351,3634.191796,5951.256167,793.500822,3636.385415,5949.461859,793.627106,2.836803
958.558559,3587.681990,5979.208139,797.227752,3589.902744,5977.325580,797.356094,2.914147
965.765766,3540.957318,6006.802017,800.906936,3543.205033,6004.831248,801.037320,2.992181
972.972973,3494.020600,6034.036185,804.538158,3496.295093,6031.977242,804.670565,3.070845
980.180180,3446.874670,6060.909052,808.121207,3449.175749,6058.761963,808.255617,3.150083
987.387387,3399.522373,6087.419049,811.655873,3401.849838,6085.183832,811.792263,3.229844
994.594595,3351.966566,6113.564629,815.141951,3354.320209,6111.241293,815.280295,3.310085
1001.801802,3304.210118,6139.344265,818.579235,3306.589721,6136.932813,818.719508,3.390765
1009.009009,3256.255911,6164.756456,821.967527,3258.661249,6162.256879,822.109699,3.471851
1016.216216,3208.106835,6189.799720,825.306629,3210.537677,6187.212001,825.450670,3.553312
1023.423423,3159.765794,6214.472601,828.596347,3162.221898,6211.796711,828.742223,3.635122
1030.630631,3111.235701,6238.773664,831.836488,3113.716821,6236.009566,831.984165,3.717257
1037.837838,3062.519480,6262.701496,835.026866,3065.025361,6259.849141,835.176306,3.799697
1045.045045,3013.620065,6286.254708,838.167294,3016.150445,6283.314038,838.318458,3.882423
1052.252252,2964.540403,6309.431934,841.257591,2967.095013,6306.402880,841.410437,3.965421
1059.459459,2915.283448,6332.231830,844.297577,2917.862012,6329.114310,844.452061,4.048677
1066.666667,2865.852168,6354.653075,847.287077,2868.454403,6351.446998,847.443152,4.132180
1073.873874,2816.249538,6376.694371,850.225916,2818.875154,6373.399634,850.383534,4.215921
1081.081081,2766.478542,6398.354445,853.113926,2769.127244,6394.970932,853.273035,4.299896
1088.288288,2716.542174,6419.632046,855.950939,2719.213662,6416.159628,856.111487,4.384097
1095.495495,2666.443439,6440.525945,858.736793,2669.137405,6436.964484,858.898722,4.468522
1102.702703,2616.185348,6461.034939,861.471325,2618.901481,6457.384281,861.634578,4.553168
1109.909910,2565.770923,6481.157847,864.154380,2568.508906,6477.417826,864.318896,4.638035
1117.117117,2515.203196,6500.893510,866.785801,2517.962704,6497.063949,866.951517,4.723123
1124.324324,2464.485205,6520.240795,869.365439,2467.265910,6516.321502,869.532288,4.808432
1131.531532,2413.619997,6539.198591,871.893146,2416.421567,6535.189361,872.061059,4.893967
1138.738739,2362.610629,6557.765813,874.368775,2365.432727,6553.666426,874.537682,4.979733
1145.945946,2311.460162,6575.941396,876.792186,2314.302447,6571.751620,876.962012,5.065733
1153.153153,2260.171667,6593.724302,879.163240,2263.033796,6589.443889,879.333910,5.151974
1160.360360,2208.748224,6611.113515,881.481802,2211.629847,6606.742205,881.653235,5.238463
1167.567568,2157.192917,6628.108044,883.747739,2160.093684,6623.645561,883.919855,5.325207
1174.774775,2105.508842,6644.706921,885.960923,2108.428396,6640.152974,886.133636,5.412214
1181.981982,2053.699098,6660.909203,888.121227,2056.637082,6656.263486,888.294450,5.499495
1189.189189,2001.766791,6676.713969,890.228529,2004.722845,6671.976162,890.402173,5.587058
1196.396396,1949.715036,6692.120325,892.282710,1952.688798,6687.290092,892.456680,5.674916
1203.603604,1897.546952,6707.127398,894.283653,1900.538058,6702.204387,894.457855,5.763080
1210.810811,1845.265664,6721.734342,896.231246,1848.273749,6716.718186,896.405580,5.851562
1218.018018,1792.874306,6735.940334,898.125378,1795.899002,6730.830650,898.299744,5.940375
1225.225225,1740.376015,6749.744574,899.965943,1743.416954,6744.540963,900.140236,6.029532
1232.432432,1687.773936,6763.146287,901.752838,1690.830748,6757.848334,901.926951,6.119046
1239.639640,1635.071218,6776.144724,903.485963,1638.143534,6770.751997,903.659785,6.208932
1246.846847,1582.271015,6788.739158,905.165221,1585.358466,6783.251210,905.338640,6.299206
1254.054054,1529.376486,6800.928888,906.790518,1532.478703,6795.345253,906.963418,6.389884
1261.261261,1476.390795,6812.713236,908.361765,1479.507410,6807.033434,908.534026,6.480981
1268.468468,1423.317111,6824.091549,909.878873,1426.447757,6818.315081,910.050374,6.572514
1275.675676,1370.158609,6835.063199,911.341760,1373.302919,6829.189550,911.512375,6.664499
1282.882883,1316.918466,6845.627582,912.750344,1320.076075,6839.656220,912.919946,6.756954
1290.090090,1263.599865,6855.784118,914.104549,1266.770409,6849.714493,914.273007,6.849896
1297.297297,1210.205990,6865.532253,915.404300,1213.389110,6859.363798,915.571480,6.943345
1304.504505,1156.740032,6874.871456,916.649527,1159.935369,6868.603585,916.815292,7.037319
1311.711712,1103.205183,6883.801220,917.840163,1106.412383,6877.433333,918.004372,7.131836
1318.918919,1049.604639,6892.321065,918.976142,1052.823350,6885.852542,919.138653,7.226916
1326.126126,995.941600,6900.430535,920.057405,999.171475,6893.860737,920.218071,7.322577
1333.333333,942.219270,6908.129195,921.083893,945.459963,6901.457469,921.242565,7.418841
1340.540541,888.440853,6915.416641,922.055552,891.692026,6908.642312,922.212078,7.515727
1347.747748,834.609557,6922.292487,922.972332,837.870875,6915.414864,923.126556,7.613256
1354.954955,780.728592,6928.756377,923.834184,783.999725,6921.774751,923.985948,7.711449
1362.162162,726.801170,6934.807977,924.641064,730.081794,6927.721620,924.790206,7.810326
1369.369369,672.830505,6940.446977,925.392930,676.120303,6933.255144,925.539287,7.909908
1376.576577,618.819814,6945.673093,926.089746,622.118473,6938.375021,926.233148,8.010217
1383.783784,564.772315,6950.486067,926.731476,568.079529,6943.080972,926.871753,8.111274
1390.990991,510.691225,6954.885662,927.318088,514.006697,6947.372746,927.455067,8.213101
1398.198198,456.579767,6958.871669,927.849556,459.903205,6951.250112,927.983058,8.315720
1405.405405,402.441160,6962.443903,928.325854,405.772282,6954.712868,928.455700,8.419153
1412.612613,348.278626,6965.602202,928.746960,351.617158,6957.760834,928.872967,8.523422
1419.819820,294.095389,6968.346429,929.112857,297.441065,6960.393855,929.234838,8.628549
1427.027027,239.894672,6970.676475,929.423530,243.247233,6962.611802,929.541296,8.734557
1434.234234,185.679698,6972.592251,929.678967,189.038897,6964.414570,929.792325,8.841467
1441.441441,131.453690,6974.093696,929.879159,134.819290,6965.802078,929.987914,8.949303
1448.648649,77.219871,6975.180772,930.024103,80.591644,6966.774270,930.128056,9.058086
1455.855856,22.981465,6975.853466,930.113795,26.359193,6967.331115,930.212745,9.167840
1463.063063,-31.258306,6976.111789,930.148239,-27.874829,6967.472607,930.241980,9.278587
1470.270270,-85.496221,6975.955779,930.127437,-82.107190,6967.198763,930.215762,9.390349
1477.477477,-139.729058,6975.385495,930.051399,-136.334656,6966.509626,930.134097,9.503150
1484.684685,-193.953599,6974.401025,929.920137,-190.553997,6965.405265,929.996994,9.617011
1491.891892,-248.166625,6973.002476,929.733664,-244.761980,6963.885771,929.804463,9.731955
1499.099099,-302.364918,6971.189985,929.491998,-298.955377,6961.951260,929.556521,9.848004
1506.306306,-356.545265,6968.963711,929.195161,-353.130959,6959.601874,929.253184,9.965181
1513.513514,-410.704451,6966.323836,928.843178,-407.285498,6956.837779,928.894475,10.083508
1520.720721,-464.839265,6963.270569,928.436076,-461.415770,6953.659165,928.480418,10.203008
1527.927928,-518.946498,6959.804143,927.973886,-515.518550,6950.066248,928.011042,10.323701
1535.135135,-573.022944,6955.924815,927.456642,-569.590617,6946.059266,927.486377,10.445611
1542.342342,-627.065399,6951.632866,926.884382,-623.628752,6941.638485,926.906460,10.568760
1549.549550,-681.070662,6946.928601,926.257147,-677.629737,6936.804192,926.271326,10.693168
1556.756757,-735.035534,6941.812352,925.574980,-731.590359,6931.556700,925.581019,10.818857
1563.963964,-788.956820,6936.284473,924.837930,-785.507406,6925.896348,924.835581,10.945849
1571.171171,-842.831329,6930.345341,924.046046,-839.377668,6919.823496,924.035061,11.074164
1578.378378,-896.655873,6923.995361,923.199381,-893.197941,6913.338532,923.179510,11.203825
1585.585586,-950.427267,6917.234959,922.297995,-946.965022,6906.441866,922.268982,11.334851
1592.792793,-1004.142333,6910.064587,921.341945,-1000.675713,6899.133933,921.303534,11.467263
1600.000000,-1057.797891,6902.484721,920.331296,-1054.326820,6891.415193,920.283227,11.601082
1607.207207,-1111.390772,6894.495859,919.266115,-1107.915150,6883.286128,919.208126,11.736327
1614.414414,-1164.917807,6886.098526,918.146470,-1161.437518,6874.747247,918.078297,11.873019
1621.621622,-1218.375834,6877.293269,916.972436,-1214.890739,6865.799082,916.893810,12.011178
1628.828829,-1271.761696,6868.080660,915.744088,-1268.271637,6856.442190,915.654741,12.150822
1636.036036,-1325.072238,6858.461294,914.461506,-1321.577039,6846.677150,914.361164,12.291971
1643.243243,-1378.304313,6848.435791,913.124772,-1374.803774,6836.504566,913.013160,12.434643
1650.450450,-1431.454780,6838.004794,911.733973,-1427.948680,6825.925068,911.610814,12.578858
1657.657658,-1484.520500,6827.168970,910.289196,-1481.008599,6814.939309,910.154210,12.724634
1664.864865,-1537.498344,6815.929010,908.790535,-1533.980375,6803.547963,908.643440,12.871988
1672.072072,-1590.385187,6804.285629,907.238084,-1586.860864,6791.751733,907.078595,13.020938
1679.279279,-1643.177910,6792.239563,905.631942,-1639.646922,6779.551342,905.459772,13.171503
1686.486486,-1695.873400,6779.791576,903.972210,-1692.335414,6766.947538,903.787071,13.323698
1693.693694,-1748.468551,6766.942451,902.258994,-1744.923211,6753.941093,902.060593,13.477542
1700.900901,-1800.960263,6753.692999,900.492400,-1797.407188,6740.532802,900.280444,13.633049
1708.108108,-1853.345444,6740.044050,898.672540,-1849.784229,6726.723486,898.446734,13.790238
1715.315315,-1905.621009,6725.996459,896.799528,-1902.051223,6712.513987,896.559573,13.949122
1722.522523,-1957.783879,6711.551107,894.873481,-1954.205068,6697.905171,894.619078,14.109719
1729.729730,-2009.830984,6696.708893,892.894519,-2006.242666,6682.897928,892.625366,14.272044
1736.936937,-2061.759261,6681.470744,890.862766,-2058.160928,6667.493172,890.578558,14.436110
1744.144144,-2113.565651,6665.837607,888.778348,-2109.956774,6651.691840,888.478780,14.601934
1751.351351,-2165.247110,6649.810453,886.641394,-2161.627128,6635.494891,886.326159,14.769528
1758.558559,-2216.800595,6633.390277,884.452037,-2213.168922,6618.903310,884.120825,14.938908
1765.765766,-2268.223078,6616.578095,882.210413,-2264.579100,6601.918102,881.862913,15.110086
1772.972973,-2319.511534,6599.374946,879.916659,-2315.854609,6584.540299,879.552558,15.283076
1780.180180,-2370.662949,6581.781894,877.570919,-2366.992409,6566.770952,877.189902,15.457892
1787.387387,-2421.674318,6563.800022,875.173336,-2417.989465,6548.611137,874.775088,15.634544
1794.594595,-2472.542642,6545.430440,872.724059,-2468.842753,6530.061954,872.308261,15.813047
1801.801802,-2523.264935,6526.674277,870.223237,-2519.549254,6511.124524,869.789570,15.993411
1809.009009,-2573.838218,6507.532686,867.671025,-2570.105962,6491.799991,867.219168,16.175648
1816.216216,-2624.259522,6488.006842,865.067579,-2620.509877,6472.089524,864.597211,16.359770
1823.423423,-2674.525889,6468.097941,862.413059,-2670.758012,6451.994312,861.923856,16.545787
1830.630631,-2724.634369,6447.807204,859.707627,-2720.847386,6431.515568,859.199265,16.733710
1837.837838,-2774.582023,6427.135871,856.951449,-2770.775030,6410.654526,856.423602,16.923550
1845.045045,-2824.365919,6406.085207,854.144694,-2820.537984,6389.412445,853.597034,17.115316
1852.252252,-2873.983139,6384.656498,851.287533,-2870.133297,6367.790603,850.719732,17.309018
1859.459459,-2923.430774,6362.851051,848.380140,-2919.558029,6345.790305,847.791869,17.504665
1866.666667,-2972.705927,6340.670194,845.422693,-2968.809250,6323.412873,844.813622,17.702265
1873.873874,-3021.805709,6318.115280,842.415371,-3017.884040,6300.659655,841.785169,17.901829
1881.081081,-3070.727246,6295.187679,839.358357,-3066.779493,6277.532019,838.706693,18.103363
1888.288288,-3119.467671,6271.888787,836.251838,-3115.492709,6254.031356,835.578379,18.306876
1895.495495,-3168.024129,6248.220019,833.096003,-3164.020804,6230.159078,832.400415,18.512376
1902.702703,-3216.393778,6224.182813,829.891042,-3212.360900,6205.916618,829.172991,18.719871
1909.909910,-3264.573787,6199.778625,826.637150,-3260.510135,6181.305435,825.896303,18.929366
1917.117117,-3312.561336,6175.008936,823.334525,-3308.465653,6156.327004,822.570545,19.140869
1924.324324,-3360.353617,6149.875246,819.983366,-3356.224615,6130.982826,819.195919,19.354386
1931.531532,-3407.947837,6124.379075,816.583877,-3403.784191,6105.274420,815.772626,19.569923
1938.738739,-3455.341210,6098.521966,813.136262,-3451.141565,6079.203329,812.300872,19.787487
1945.945946,-3502.530967,6072.305482,809.640731,-3498.293931,6052.771116,808.780865,20.007082
1953.153153,-3549.514349,6045.731207,806.097494,-3545.238497,6025.979364,805.212816,20.228713
1960.360360,-3596.288609,6018.800745,802.506766,-3591.972482,5998.829680,801.596938,20.452388
1967.567568,-3642.851014,5991.515720,798.868763,-3638.493119,5971.323689,797.933449,20.678108
1974.774775,-3689.198844,5963.877778,795.183704,-3684.797652,5943.463040,794.222568,20.905880
1981.981982,-3735.329393,5935.888584,791.451811,-3730.883339,5915.249400,790.464517,21.135706
1989.189189,-3781.239968,5907.549822,787.673310,-3776.747451,5886.684457,786.659521,21.367591
1996.396396,-3826.927887,5878.863200,783.848427,-3822.387273,5857.769922,782.807807,21.601538
2003.603604,-3872.390486,5849.830440,779.977392,-3867.800103,5828.507523,778.909606,21.837550
2010.810811,-3917.625109,5820.453291,776.060439,-3912.983253,5798.899010,774.965152,22.075631
2018.018018,-3962.629118,5790.733516,772.097802,-3957.934047,5768.946154,770.974679,22.315784
2025.225225,-4007.399887,5760.672900,768.089720,-4002.649824,5738.650745,766.938427,22.558011
2032.432432,-4051.934805,5730.273247,764.036433,-4047.127937,5708.014595,762.856636,22.802313
2039.639640,-4096.231277,5699.536382,759.938184,-4091.365752,5677.039534,758.729552,23.048694
2046.846847,-4140.286720,5668.464145,755.795219,-4135.360652,5645.727412,754.557419,23.297153
2054.054054,-4184.098566,5637.058400,751.607787,-4179.110033,5614.080099,750.340488,23.547693
2061.261261,-4227.664263,5605.321027,747.376137,-4222.611305,5582.099484,746.079010,23.800315
2068.468468,-4270.981272,5573.253927,743.100524,-4265.861894,5549.787477,741.773240,24.055020
2075.675676,-4314.047070,5540.859019,738.781203,-4308.859240,5517.146006,737.423434,24.311810
2082.882883,-4356.859147,5508.138240,734.418432,-4351.600798,5484.177018,733.029852,24.570685
2090.090090,-4399.415013,5475.093547,730.012473,-4394.084038,5450.882483,728.592756,24.831643
2097.297297,-4441.712189,5441.726913,725.563588,-4436.306446,5417.264384,724.112412,25.094686
2104.504505,-4483.748215,5408.040332,721.072044,-4478.265523,5383.324729,719.589086,25.359813
2111.711712,-4525.520643,5374.035815,716.538109,-4519.958788,5349.065539,715.023047,25.627024
2118.918919,-4567.027045,5339.715391,711.962052,-4561.383772,5314.488857,710.414569,25.896317
2126.126126,-4608.265005,5305.081107,707.344148,-4602.538025,5279.596744,705.763925,26.167693
2133.333333,-4649.232124,5270.135030,702.684671,-4643.419112,5244.391280,701.071393,26.441151
2140.540541,-4689.926021,5234.879242,697.983899,-4684.024614,5208.874562,696.337253,26.716689
2147.747748,-4730.344329,5199.315844,693.242113,-4724.352126,5173.048707,691.561787,26.994305
2154.954955,-4770.484700,5163.446954,688.459594,-4764.399263,5136.915849,686.745278,27.273997
2162.162162,-4810.344800,5127.274706,683.636627,-4804.163656,5100.478141,681.888015,27.555763
2169.369369,-4849.922315,5090.801253,678.773500,-4843.642952,5063.737751,676.990286,27.839602
2176.576577,-4889.214945,5054.028766,673.870502,-4882.834815,5026.696867,672.052383,28.125510
2183.783784,-4928.220408,5016.959430,668.927924,-4921.736926,4989.357694,667.074599,28.413486
2190.990991,-4966.936438,4979.595450,663.946060,-4960.346985,4951.722454,662.057231,28.703527
2198.198198,-5005.360786,4941.939047,658.925206,-4998.662705,4913.793387,657.000579,28.995631
2205.405405,-5043.491224,4903.992456,653.865661,-5036.681820,4875.572752,651.904942,29.289793
2212.612613,-5081.325536,4865.757932,648.767724,-5074.402080,4837.062822,646.770623,29.586010
2219.819820,-5118.861529,4827.237744,643.631699,-5111.821254,4798.265888,641.597929,29.884279
2227.027027,-5156.097025,4788.434177,638.457890,-5148.937126,4759.184258,636.387167,30.184595
2234.234234,-5193.029863,4749.349533,633.246604,-5185.747502,4719.820256,631.138647,30.486956
2241.441441,-5229.657902,4709.986131,627.998151,-5222.250204,4680.176223,625.852681,30.791356
2248.648649,-5265.979016,4670.346303,622.712840,-5258.443071,4640.254516,620.529583,31.097793
2255.855856,-5301.991100,4630.432400,617.390987,-5294.323963,4600.057509,615.169670,31.406261
2263.063063,-5337.692065,4590.246786,612.032905,-5329.890754,4559.587591,609.773260,31.716757
2270.270270,-5373.079844,4549.791842,606.638912,-5365.141342,4518.847169,604.340675,32.029275
2277.477477,-5408.152385,4509.069961,601.209328,-5400.073638,4477.838664,598.872237,32.343810
2284.684685,-5442.907656,4468.083555,595.744474,-5434.685578,4436.564514,593.368271,32.660357
2291.891892,-5477.343643,4426.835049,590.244673,-5468.975112,4395.027170,587.829104,32.978910
2299.099099,-5511.458353,4385.326883,584.710251,-5502.940211,4353.229100,582.255066,33.299464
2306.306306,-5545.249809,4343.561511,579.141535,-5536.578865,4311.172788,576.646487,33.622015
2313.513514,-5578.716053,4301.541404,573.538854,-5569.889084,4268.860732,571.003700,33.946556
2320.720721,-5611.855149,4259.269045,567.902539,-5602.868895,4226.295446,565.327042,34.273083
2327.927928,-5644.665177,4216.746932,562.232924,-5635.516346,4183.479458,559.616849,34.601587
2335.135135,-5677.144240,4173.977577,556.530344,-5667.829505,4140.415312,553.873459,34.932062
2342.342342,-5709.290458,4130.963506,550.795134,-5699.806458,4097.105565,548.097216,35.264503
2349.549550,-5741.101970,4087.707257,545.027634,-5731.445314,4053.552787,542.288460,35.598903
2356.756757,-5772.576936,4044.211385,539.228185,-5762.744199,4009.759566,536.447538,35.935255
2363.963964,-5803.713535,4000.478456,533.397127,-5793.701260,3965.728500,530.574795,36.273553
2371.171171,-5834.509967,3956.511051,527.534807,-5824.314664,3921.462204,524.670581,36.613791
2378.378378,-5864.964450,3912.311764,521.641569,-5854.582599,3876.963306,518.735246,36.955960
2385.585586,-5895.075223,3867.883200,515.717760,-5884.503271,3832.234448,512.769143,37.300054
2392.792793,-5924.840546,3823.227979,509.763731,-5914.074908,3787.278286,506.772625,37.646064
2400.000000,-5954.258698,3778.348733,503.779831,-5943.295760,3742.097485,500.746049,37.993984
2407.207207,-5983.327980,3733.248106,497.766414,-5972.164095,3696.694729,494.689772,38.343805
2414.414414,-6012.046710,3687.928754,491.723834,-6000.678205,3651.072711,488.604153,38.695520
2421.621622,-6040.413230,3642.393349,485.652447,-6028.836399,3605.234138,482.489554,39.049121
2428.828829,-6068.425901,3596.644571,479.552610,-6056.637010,3559.181730,476.346338,39.404601
2436.036036,-6096.083103,3550.685115,473.424682,-6084.078389,3512.918220,470.174868,39.761952
2443.243243,-6123.383241,3504.517685,467.269025,-6111.158911,3466.446353,463.975511,40.121164
2450.450450,-6150.324736,3458.144998,461.086000,-6137.876971,3419.768887,457.748636,40.482228
2457.657658,-6176.906035,3411.569783,454.875971,-6164.230985,3372.888590,451.494611,40.845137
2464.864865,-6203.125601,3364.794779,448.639304,-6190.219391,3325.808242,445.213807,41.209882
2472.072072,-6228.981922,3317.822737,442.376365,-6215.840649,3278.530637,438.906597,41.576453
2479.279279,-6254.473505,3270.656420,436.087523,-6241.093240,3231.058579,432.573355,41.944843
2486.486486,-6279.598878,3223.298600,429.773147,-6265.975665,3183.394884,426.214456,42.315042
2493.693694,-6304.356590,3175.752063,423.433608,-6290.486450,3135.542378,419.830279,42.687042
2500.900901,-6328.745215,3128.019601,417.069280,-6314.624140,3087.503901,413.421201,43.060832
2508.108108,-6352.763344,3080.104020,410.680536,-6338.387303,3039.282301,406.987602,43.436402
2515.315315,-6376.409592,3032.008134,404.267751,-6361.774529,2990.880439,400.529865,43.813744
2522.522523,-6399.682595,2983.734768,397.831302,-6384.784431,2942.301183,394.048372,44.192848
2529.729730,-6422.581011,2935.286757,391.371568,-6407.415643,2893.547416,387.543507,44.573704
2536.936937,-6445.103518,2886.666947,384.888926,-6429.666822,2844.622027,381.015656,44.956302
2544.144144,-6467.248819,2837.878191,378.383759,-6451.536646,2795.527919,374.465207,45.340633
2551.351351,-6489.015636,2788.923354,371.856447,-6473.023817,2746.268002,367.892547,45.726686
2558.558559,-6510.402714,2739.805309,365.307375,-6494.127058,2696.845199,361.298067,46.114451
2565.765766,-6531.408820,2690.526937,358.736925,-6514.845115,2647.262440,354.682158,46.503916
2572.972973,-6552.032744,2641.091131,352.145484,-6535.176758,2597.522663,348.045211,46.895073
2580.180180,-6572.273297,2591.500788,345.533438,-6555.120779,2547.628818,341.387620,47.287910
2587.387387,-6592.129313,2541.758819,338.901176,-6574.675991,2497.583864,334.709781,47.682417
2594.594595,-6611.599646,2491.868142,332.249086,-6593.841231,2447.390768,328.012088,48.078583
2601.801802,-6630.683175,2441.831680,325.577557,-6612.615361,2397.052506,321.294940,48.476398
2609.009009,-6649.378801,2391.652369,318.886983,-6630.997262,2346.572062,314.558734,48.875850
2616.216216,-6667.685446,2341.333149,312.177753,-6648.985842,2295.952431,307.803869,49.276928
2623.423423,-6685.602056,2290.876969,305.450263,-6666.580028,2245.196612,301.030747,49.679620
2630.630631,-6703.127599,2240.286787,298.704905,-6683.778774,2194.307615,294.239769,50.083916
2637.837838,-6720.261066,2189.565566,291.942075,-6700.581056,2143.288457,287.431337,50.489804
2645.045045,-6737.001469,2138.716279,285.162171,-6716.985871,2092.142163,280.605855,50.897274
2652.252252,-6753.347845,2087.741906,278.365587,-6732.992243,2040.871765,273.763728,51.306313
2659.459459,-6769.299252,2036.645431,271.552724,-6748.599216,1989.480305,266.905362,51.716909
2666.666667,-6784.854772,1985.429848,264.723980,-6763.805859,1937.970827,260.031163,52.129051
2673.873874,-6800.013510,1934.098155,257.879754,-6778.611267,1886.346388,253.141538,52.542726
2681.081081,-6814.774592,1882.653359,251.020448,-6793.014553,1834.610046,246.236896,52.957923
2688.288288,-6829.137169,1831.098471,244.146463,-6807.014859,1782.764870,239.317647,53.374630
2695.495495,-6843.100414,1779.436510,237.258201,-6820.611347,1730.813933,232.384201,53.792835
2702.702703,-6856.663523,1727.670501,230.356067,-6833.803205,1678.760316,225.436968,54.212525
2709.909910,-6869.825716,1675.803474,223.440463,-6846.589643,1626.607106,218.476362,54.633689
2717.117117,-6882.586235,1623.838463,216.511795,-6858.969896,1574.357395,211.502794,55.056313
2724.324324,-6894.944346,1571.778510,209.570468,-6870.943222,1522.014282,204.516678,55.480385
2731.531532,-6906.899337,1519.626661,202.616888,-6882.508905,1469.580869,197.518428,55.905893
2738.738739,-6918.450522,1467.385969,195.651462,-6893.666250,1417.060266,190.508459,56.332823
2745.945946,-6929.597234,1415.059488,188.674598,-6904.414588,1364.455587,183.487188,56.761164
2753.153153,-6940.338833,1362.650282,181.686704,-6914.753272,1311.769953,176.455030,57.190902
2760.360360,-6950.674701,1310.161416,174.688189,-6924.681682,1259.006487,169.412402,57.622025
2767.567568,-6960.604243,1257.595960,167.679461,-6934.199220,1206.168319,162.359722,58.054518
2774.774775,-6970.126888,1204.956988,160.660932,-6943.305312,1153.258583,155.297409,58.488370
2781.981982,-6979.242088,1152.247579,153.633010,-6951.999410,1100.280415,148.225880,58.923566
2789.189189,-6987.949319,1099.470815,146.596109,-6960.280988,1047.236958,141.145556,59.360095
2796.396396,-6996.248080,1046.629784,139.550638,-6968.149546,994.131359,134.056857,59.797942
2803.603604,-7004.137893,993.727575,132.497010,-6975.604608,940.966767,126.960202,60.237094
2810.810811,-7011.618305,940.767282,125.435638,-6982.645720,887.746336,119.856014,60.677537
2818.018018,-7018.688886,887.752000,118.366933,-6989.272456,834.473223,112.744713,61.119259
2825.225225,-7025.349228,834.684829,111.291311,-6995.484411,781.150588,105.626721,61.562244
2832.432432,-7031.598950,781.568872,104.209183,-7001.281207,727.781594,98.502460,62.006480
2839.639640,-7037.437690,728.407235,97.120965,-7006.662490,674.369407,91.372353,62.451952
2846.846847,-7042.865115,675.203024,90.027070,-7011.627928,620.917197,84.236823,62.898648
2854.054054,-7047.880911,621.959351,82.927913,-7016.177215,567.428134,77.096294,63.346552
2861.261261,-7052.484790,568.679326,75.823910,-7020.310072,513.905393,69.951189,63.795651
2868.468468,-7056.676488,515.366065,68.715475,-7024.026240,460.352150,62.801932,64.245931
2875.675676,-7060.455763,462.022684,61.603025,-7027.325488,406.771581,55.648948,64.697377
2882.882883,-7063.822398,408.652301,54.486973,-7030.207607,353.166867,48.492660,65.149976
2890.090090,-7066.776200,355.258034,47.367738,-7032.672415,299.541189,41.333493,65.603713
2897.297297,-7069.316998,301.843006,40.245734,-7034.719752,245.897730,34.171873,66.058573
2904.504505,-7071.444647,248.410337,33.121378,-7036.349485,192.239674,27.008225,66.514542
2911.711712,-7073.159024,194.963150,25.995087,-7037.561504,138.570206,19.842973,66.971607
2918.918919,-7074.460031,141.504569,18.867276,-7038.355723,84.892511,12.676543,67.429751
2926.126126,-7075.347593,88.037718,11.738362,-7038.732083,31.209776,5.509360,67.888961
2933.333333,-7075.821658,34.565722,4.608763,-7038.690548,-22.474812,-1.658150,68.349222
2940.540541,-7075.882200,-18.908294,-2.521106,-7038.231105,-76.158066,-8.825561,68.810518
2947.747748,-7075.529215,-72.381205,-9.650827,-7037.353770,-129.836797,-15.992448,69.272836
2954.954955,-7074.762724,-125.849886,-16.779985,-7036.058580,-183.507819,-23.158385,69.736160
2962.162162,-7073.582769,-179.311212,-23.908162,-7034.345596,-237.167945,-30.322948,70.200476
2969.369369,-7071.989421,-232.762058,-31.034941,-7032.214908,-290.813988,-37.485710,70.665768
2976.576577,-7069.982769,-286.199302,-38.159907,-7029.666626,-344.442761,-44.646246,71.132022
2983.783784,-7067.562929,-339.619819,-45.282643,-7026.700887,-398.051079,-51.804130,71.599221
2990.990991,-7064.730041,-393.020488,-52.402732,-7023.317851,-451.635759,-58.958938,72.067352
2998.198198,-7061.484267,-446.398187,-59.519758,-7019.517706,-505.193615,-66.110245,72.536398
3005.405405,-7057.825794,-499.749798,-66.633306,-7015.300660,-558.721468,-73.257625,73.006346
3012.612613,-7053.754832,-553.072201,-73.742960,-7010.666949,-612.216136,-80.400654,73.477178
3019.819820,-7049.271616,-606.362280,-80.848304,-7005.616831,-665.674441,-87.538907,73.948880
3027.027027,-7044.376403,-659.616919,-87.948923,-7000.150592,-719.093205,-94.671961,74.421436
3034.234234,-7039.069474,-712.833007,-95.044401,-6994.268539,-772.469255,-101.799392,74.894832
3041.441441,-7033.351136,-766.007432,-102.134324,-6987.971006,-825.799419,-108.920775,75.369050
3048.648649,-7027.221716,-819.137086,-109.218278,-6981.258349,-879.080525,-116.035687,75.844077
3055.855856,-7020.681567,-872.218863,-116.295848,-6974.130952,-932.309407,-123.143707,76.319895
3063.063063,-7013.731065,-925.249659,-123.366621,-6966.589220,-985.482900,-130.244410,76.796490
3070.270270,-7006.370611,-978.226374,-130.430183,-6958.633585,-1038.597843,-137.337375,77.273845
3077.477477,-6998.600627,-1031.145911,-137.486122,-6950.264501,-1091.651077,-144.422180,77.751946
3084.684685,-6990.421560,-1084.005176,-144.534023,-6941.482449,-1144.639449,-151.498404,78.230775
3091.891892,-6981.833881,-1136.801077,-151.573477,-6932.287934,-1197.559806,-158.565626,78.710318
3099.099099,-6972.838084,-1189.530527,-158.604070,-6922.681482,-1250.409000,-165.623425,79.190558
3106.306306,-6963.434686,-1242.190442,-165.625392,-6912.663649,-1303.183888,-172.671382,79.671479
3113.513514,-6953.624228,-1294.777743,-172.637032,-6902.235010,-1355.881331,-179.709078,80.153066
3120.720721,-6943.407274,-1347.289353,-179.638580,-6891.396168,-1408.498193,-186.736094,80.635302
3127.927928,-6932.784412,-1399.722202,-186.629627,-6880.147747,-1461.031343,-193.752011,81.118171
3135.135135,-6921.756254,-1452.073222,-193.609763,-6868.490399,-1513.477656,-200.756412,81.601657
3142.342342,-6910.323434,-1504.339351,-200.578580,-6856.424797,-1565.834010,-207.748881,82.085744
3149.549550,-6898.486610,-1556.517529,-207.535671,-6843.951641,-1618.097288,-214.729001,82.570416
3156.756757,-6886.246462,-1608.604705,-214.480627,-6831.071651,-1670.264380,-221.696356,83.055656
3163.963964,-6873.603696,-1660.597831,-221.413044,-6817.785575,-1722.332179,-228.650532,83.541448
3171.171171,-6860.559038,-1712.493863,-228.332515,-6804.094184,-1774.297587,-235.591115,84.027776
3178.378378,-6847.113239,-1764.289766,-235.238635,-6789.998272,-1826.157508,-242.517692,84.514624
3185.585586,-6833.267074,-1815.982506,-242.131001,-6775.498657,-1877.908854,-249.429849,85.001976
3192.792793,-6819.021340,-1867.569058,-249.009208,-6760.596183,-1929.548543,-256.327176,85.489813
3200.000000,-6804.376856,-1919.046401,-255.872853,-6745.291716,-1981.073498,-263.209261,85.978122
3207.207207,-6789.334465,-1970.411522,-262.721536,-6729.586145,-2032.480650,-270.075695,86.466884
3214.414414,-6773.895034,-2021.661414,-269.554855,-6713.480385,-2083.766937,-276.926068,86.956084
3221.621622,-6758.059450,-2072.793075,-276.372410,-6696.975373,-2134.929302,-283.759972,87.445704
3228.828829,-6741.828627,-2123.803511,-283.173801,-6680.072071,-2185.964696,-290.577001,87.935729
3236.036036,-6725.203499,-2174.689732,-289.958631,-6662.771465,-2236.870076,-297.376747,88.426142
3243.243243,-6708.185022,-2225.448759,-296.726501,-6645.074561,-2287.642410,-304.158805,88.916925
3250.450450,-6690.774178,-2276.077616,-303.477016,-6626.982394,-2338.278668,-310.922770,89.408064
3257.657658,-6672.971969,-2326.573339,-310.209779,-6608.496018,-2388.775834,-317.668241,89.899540
3264.864865,-6654.779420,-2376.932968,-316.924396,-6589.616512,-2439.130895,-324.394814,90.391338
3272.072072,-6636.197580,-2427.153551,-323.620474,-6570.344978,-2489.340848,-331.102088,90.883440
3279.279279,-6617.227518,-2477.232144,-330.297619,-6550.682543,-2539.402699,-337.789664,91.375829
3286.486486,-6597.870328,-2527.165812,-336.955442,-6530.630355,-2589.313459,-344.457141,91.868490
3293.693694,-6578.127126,-2576.951625,-343.593550,-6510.189587,-2639.070152,-351.104123,92.361406
3300.900901,-6557.999048,-2626.586665,-350.211555,-6489.361433,-2688.669808,-357.730212,92.854559
3308.108108,-6537.487256,-2676.068021,-356.809070,-6468.147112,-2738.109467,-364.335014,93.347932
3315.315315,-6516.592930,-2725.392791,-363.385705,-6446.547865,-2787.386180,-370.918134,93.841510
3322.522523,-6495.317276,-2774.558080,-369.941077,-6424.564955,-2836.497003,-377.479179,94.335274
3329.729730,-6473.661520,-2823.561004,-376.474801,-6402.199670,-2885.439004,-384.017758,94.829209
3336.936937,-6451.626910,-2872.398686,-382.986492,-6379.453321,-2934.209260,-390.533479,95.323298
3344.144144,-6429.214718,-2921.068260,-389.475768,-6356.327238,-2982.804860,-397.025954,95.817523
3351.351351,-6406.426235,-2969.566869,-395.942249,-6332.822778,-3031.222899,-403.494794,96.311868
3358.558559,-6383.262776,-3017.891666,-402.385555,-6308.941318,-3079.460487,-409.939615,96.806315
3365.765766,-6359.725676,-3066.039812,-408.805308,-6284.684257,-3127.514740,-416.360029,97.300849
3372.972973,-6335.816293,-3114.008480,-415.201131,-6260.053019,-3175.382788,-422.755655,97.795451
3380.180180,-6311.536007,-3161.794852,-421.572647,-6235.049047,-3223.061769,-429.126109,98.290106
3387.387387,-6286.886218,-3209.396119,-427.919483,-6209.673810,-3270.548832,-435.471011,98.784795
3394.594595,-6261.868349,-3256.809485,-434.241265,-6183.928797,-3317.841139,-441.789981,99.279503
3401.801802,-6236.483844,-3304.032162,-440.537622,-6157.815518,-3364.935861,-448.082641,99.774212
3409.009009,-6210.734168,-3351.061374,-446.808183,-6131.335508,-3411.830183,-454.348616,100.268906
3416.216216,-6184.620807,-3397.894357,-453.052581,-6104.490320,-3458.521300,-460.587530,100.763567
3423.423423,-6158.145267,-3444.528356,-459.270448,-6077.281533,-3505.006418,-466.799010,101.258179
3430.630631,-6131.309079,-3490.960629,-465.461417,-6049.710744,-3551.282756,-472.982685,101.752724
3437.837838,-6104.113791,-3537.188442,-471.625126,-6021.779575,-3597.347545,-479.138185,102.247185
3445.045045,-6076.560975,-3583.209075,-477.761210,-5993.489668,-3643.198026,-485.265140,102.741546
3452.252252,-6048.652221,-3629.019819,-483.869309,-5964.842685,-3688.831456,-491.363185,103.235790
3459.459459,-6020.389142,-3674.617978,-489.949064,-5935.840313,-3734.245102,-497.431953,103.729899
3466.666667,-5991.773371,-3720.000868,-496.000116,-5906.484256,-3779.436245,-503.471083,104.223858
3473.873874,-5962.806560,-3765.165814,-502.022109,-5876.776242,-3824.402178,-509.480211,104.717648
3481.081081,-5933.490384,-3810.110157,-508.014688,-5846.718019,-3869.140208,-515.458979,105.211253
3488.288288,-5903.826537,-3854.831248,-513.977500,-5816.311357,-3913.647654,-521.407028,105.704655
3495.495495,-5873.816734,-3899.326451,-519.910193,-5785.558046,-3957.921848,-527.324001,106.197839
3502.702703,-5843.462710,-3943.593142,-525.812419,-5754.459898,-4001.960138,-533.209543,106.690787
3509.909910,-5812.766219,-3987.628712,-531.683828,-5723.018744,-4045.759882,-539.063303,107.183482
3517.117117,-5781.729038,-4031.430563,-537.524075,-5691.236437,-4089.318455,-544.884929,107.675908
3524.324324,-5750.352961,-4074.996113,-543.332815,-5659.114848,-4132.633245,-550.674071,108.168046
3531.531532,-5718.639802,-4118.322790,-549.109705,-5626.655872,-4175.701655,-556.430384,108.659882
3538.738739,-5686.591396,-4161.408036,-554.854405,-5593.861421,-4218.521100,-562.153521,109.151397
3545.945946,-5654.209598,-4204.249309,-560.566575,-5560.733430,-4261.089011,-567.843138,109.642574
3553.153153,-5621.496282,-4246.844077,-566.245877,-5527.273852,-4303.402832,-573.498895,110.133398
3560.360360,-5588.453342,-4289.189824,-571.891977,-5493.484662,-4345.460024,-579.120452,110.623851
3567.567568,-5555.082689,-4331.284049,-577.504540,-5459.367853,-4387.258063,-584.707472,111.113916
3574.774775,-5521.386256,-4373.124264,-583.083235,-5424.925437,-4428.794437,-590.259619,111.603576
3581.981982,-5487.365994,-4414.707996,-588.627733,-5390.159449,-4470.066654,-595.776559,112.092815
3589.189189,-5453.023873,-4456.032786,-594.137705,-5355.071938,-4511.072233,-601.257961,112.581617
3596.396396,-5418.361882,-4497.096188,-599.612825,-5319.664979,-4551.808711,-606.703497,113.069963
3603.603604,-5383.382030,-4537.895775,-605.052770,-5283.940661,-4592.273639,-612.112837,113.557838
3610.810811,-5348.086342,-4578.429129,-610.457217,-5247.901096,-4632.464585,-617.485659,114.045224
3618.018018,-5312.476866,-4618.693851,-615.825847,-5211.548412,-4672.379132,-622.821637,114.532106
3625.225225,-5276.555665,-4658.687558,-621.158341,-5174.884758,-4712.014880,-628.120452,115.018466
3632.432432,-5240.324820,-4698.407880,-626.454384,-5137.912300,-4751.369445,-633.381785,115.504288
3639.639640,-5203.786433,-4737.852463,-631.713662,-5100.633224,-4790.440460,-638.605319,115.989555
3646.846847,-5166.942621,-4777.018969,-636.935863,-5063.049733,-4829.225574,-643.790740,116.474251
3654.054054,-5129.795522,-4815.905076,-642.120677,-5025.164051,-4867.722454,-648.937737,116.958359
3661.261261,-5092.347291,-4854.508478,-647.267797,-4986.978417,-4905.928779,-654.045998,117.441862
3668.468468,-5054.600101,-4892.826883,-652.376918,-4948.495092,-4943.842251,-659.115217,117.924745
3675.675676,-5016.556142,-4930.858016,-657.447735,-4909.716353,-4981.460585,-664.145087,118.406989
3682.882883,-4978.217623,-4968.599620,-662.479949,-4870.644493,-5018.781515,-669.135307,118.888580
3690.090090,-4939.586768,-5006.049453,-667.473260,-4831.281827,-5055.802794,-674.085576,119.369501
3697.297297,-4900.665820,-5043.205290,-672.427372,-4791.630683,-5092.522189,-678.995594,119.849736
3704.504505,-4861.457040,-5080.064923,-677.341990,-4751.693410,-5128.937488,-683.865067,120.329267
3711.711712,-4821.962703,-5116.626161,-682.216821,-4711.472372,-5165.046495,-688.693701,120.808079
3718.918919,-4782.185105,-5152.886828,-687.051577,-4670.969952,-5200.847031,-693.481204,121.286155
3726.126126,-4742.126558,-5188.844766,-691.845969,-4630.188551,-5236.336937,-698.227287,121.763479
3733.333333,-4701.789388,-5224.497834,-696.599711,-4589.130584,-5271.514071,-702.931665,122.240036
3740.540541,-4661.175942,-5259.843910,-701.312521,-4547.798485,-5306.376310,-707.594053,122.715808
3747.747748,-4620.288579,-5294.880888,-705.984118,-4506.194704,-5340.921549,-712.214169,123.190780
3754.954955,-4579.129676,-5329.606681,-710.614224,-4464.321707,-5375.147703,-716.791736,123.664936
3762.162162,-4537.701628,-5364.019217,-715.202562,-4422.181976,-5409.052705,-721.326476,124.138259
3769.369369,-4496.006842,-5398.116444,-719.748859,-4379.778010,-5442.634505,-725.818115,124.610734
3776.576577,-4454.047746,-5431.896329,-724.252844,-4337.112326,-5475.891074,-730.266382,125.082344
3783.783784,-4411.826781,-5465.356853,-728.714247,-4294.187455,-5508.820402,-734.671008,125.553074
3790.990991,-4369.346405,-5498.496018,-733.132802,-4251.005943,-5541.420497,-739.031726,126.022907
3798.198198,-4326.609091,-5531.311844,-737.508246,-4207.570355,-5573.689387,-743.348274,126.491829
3805.405405,-4283.617326,-5563.802370,-741.840316,-4163.883267,-5605.625121,-747.620389,126.959822
3812.612613,-4240.373613,-5595.965653,-746.128754,-4119.947273,-5637.225766,-751.847814,127.426873
3819.819820,-4196.880473,-5627.799769,-750.373303,-4075.764983,-5668.489409,-756.030292,127.892964
3827.027027,-4153.140437,-5659.302812,-754.573708,-4031.339018,-5699.414156,-760.167570,128.358081
3834.234234,-4109.156055,-5690.472896,-758.729720,-3986.672019,-5729.998136,-764.259398,128.822206
3841.441441,-4064.929890,-5721.308153,-762.841087,-3941.766640,-5760.239493,-768.305527,129.285326
3848.648649,-4020.464521,-5751.806734,-766.907564,-3896.625549,-5790.136396,-772.305713,129.747424
3855.855856,-3975.762541,-5781.966809,-770.928908,-3851.251430,-5819.687032,-776.259712,130.208485
3863.063063,-3930.826555,-5811.786569,-774.904876,-3805.646978,-5848.889608,-780.167286,130.668493
3870.270270,-3885.659186,-5841.264225,-778.835230,-3759.814904,-5877.742354,-784.028196,131.127435
3877.477477,-3840.263067,-5870.398005,-782.719734,-3713.757934,-5906.243518,-787.842210,131.585293
3884.684685,-3794.640848,-5899.186158,-786.558154,-3667.478807,-5934.391371,-791.609094,132.042053
3891.891892,-3748.795191,-5927.626953,-790.350260,-3620.980274,-5962.184203,-795.328621,132.497700
3899.099099,-3702.728772,-5955.718679,-794.095824,-3574.265104,-5989.620326,-799.000565,132.952218
3906.306306,-3656.444283,-5983.459643,-797.794619,-3527.336075,-6016.698071,-802.624702,133.405593
3913.513514,-3609.944425,-6010.848175,-801.446423,-3480.195980,-6043.415794,-806.200812,133.857809
3920.720721,-3563.231916,-6037.882624,-805.051017,-3432.847626,-6069.771869,-809.728678,134.308851
3927.927928,-3516.309484,-6064.561360,-808.608181,-3385.293830,-6095.764694,-813.208085,134.758706
3935.135135,-3469.179871,-6090.882772,-812.117703,-3337.537423,-6121.392686,-816.638822,135.207358
3942.342342,-3421.845832,-6116.845270,-815.579369,-3289.581249,-6146.654286,-820.020679,135.654792
3949.549550,-3374.310134,-6142.447287,-818.992972,-3241.428165,-6171.547955,-823.353450,136.100993
3956.756757,-3326.575556,-6167.687273,-822.358303,-3193.081038,-6196.072176,-826.636933,136.545947
3963.963964,-3278.644891,-6192.563700,-825.675160,-3144.542751,-6220.225453,-829.870928,136.989639
3971.171171,-3230.520945,-6217.075063,-828.943342,-3095.816195,-6244.006315,-833.055236,137.432054
3978.378378,-3182.206531,-6241.219876,-832.162650,-3046.904274,-6267.413311,-836.189665,137.873180
3985.585586,-3133.704479,-6264.996674,-835.332890,-2997.809904,-6290.445012,-839.274022,138.313000
3992.792793,-3085.017627,-6288.404015,-838.453869,-2948.536010,-6313.100012,-842.308120,138.751502
4000.000000,-3036.148826,-6311.440477,-841.525397,-2899.085532,-6335.376926,-845.291772,139.188670
4007.207207,-2987.100937,-6334.104659,-844.547288,-2849.461417,-6357.274395,-848.224798,139.624490
4014.414414,-2937.876834,-6356.395184,-847.519358,-2799.666626,-6378.791078,-851.107017,140.058949
4021.621622,-2888.479402,-6378.310692,-850.441426,-2749.704130,-6399.925660,-853.938252,140.492031
4028.828829,-2838.911537,-6399.849849,-853.313313,-2699.576911,-6420.676845,-856.718332,140.923724
4036.036036,-2789.176143,-6421.011340,-856.134845,-2649.287959,-6441.043365,-859.447085,141.354013
4043.243243,-2739.276138,-6441.793875,-858.905850,-2598.840275,-6461.023971,-862.124345,141.782886
4050.450450,-2689.214446,-6462.196182,-861.626158,-2548.236871,-6480.617439,-864.749947,142.210328
4057.657658,-2638.994005,-6482.217014,-864.295602,-2497.480768,-6499.822566,-867.323730,142.636325
4064.864865,-2588.617760,-6501.855145,-866.914019,-2446.574996,-6518.638173,-869.845536,143.060864
4072.072072,-2538.088669,-6521.109371,-869.481249,-2395.522596,-6537.063106,-872.315211,143.483931
4079.279279,-2487.409699,-6539.978510,-871.997135,-2344.326618,-6555.096231,-874.732603,143.905512
4086.486486,-2436.583825,-6558.461404,-874.461520,-2292.990120,-6572.736440,-877.097562,144.325596
4093.693694,-2385.614032,-6576.556914,-876.874255,-2241.516169,-6589.982648,-879.409944,144.744168
4100.900901,-2334.503313,-6594.263928,-879.235190,-2189.907841,-6606.833791,-881.669606,145.161215
4108.108108,-2283.254673,-6611.581354,-881.544181,-2138.168221,-6623.288833,-883.876410,145.576725
4115.315315,-2231.871122,-6628.508123,-883.801083,-2086.300400,-6639.346759,-886.030218,145.990684
4122.522523,-2180.355680,-6645.043187,-886.005758,-2034.307481,-6655.006576,-888.130898,146.403080
4129.729730,-2128.711378,-6661.185525,-888.158070,-1982.192573,-6670.267318,-890.178320,146.813898
4136.936937,-2076.941253,-6676.934134,-890.257884,-1929.958792,-6685.128042,-892.172357,147.223126
4144.144144,-2025.048350,-6692.288037,-892.305072,-1877.609263,-6699.587827,-894.112888,147.630753
4151.351351,-1973.035723,-6707.246279,-894.299504,-1825.147117,-6713.645778,-895.999790,148.036766
4158.558559,-1920.906432,-6721.807930,-896.241057,-1772.575493,-6727.301024,-897.832947,148.441152
4165.765766,-1868.663547,-6735.972079,-898.129611,-1719.897537,-6740.552717,-899.612246,148.843899
4172.972973,-1816.310143,-6749.737843,-899.965046,-1667.116401,-6753.400034,-901.337575,149.244994
4180.180180,-1763.849303,-6763.104358,-901.747248,-1614.235245,-6765.842175,-903.008828,149.644424
4187.387387,-1711.284119,-6776.070786,-903.476105,-1561.257235,-6777.878366,-904.625901,150.042178
4194.594595,-1658.617688,-6788.636311,-905.151508,-1508.185544,-6789.507855,-906.188692,150.438244
4201.801802,-1605.853114,-6800.800141,-906.773352,-1455.023349,-6800.729918,-907.697105,150.832610
4209.009009,-1552.993508,-6812.561509,-908.341535,-1401.773835,-6811.543851,-909.151044,151.225265
4216.216216,-1500.041987,-6823.919668,-909.855956,-1348.440190,-6821.948978,-910.550419,151.616196
4223.423423,-1447.001673,-6834.873898,-911.316520,-1295.025610,-6831.944646,-911.895141,152.005392
4230.630631,-1393.875696,-6845.423501,-912.723134,-1241.533297,-6841.530226,-913.185128,152.392840
4237.837838,-1340.667191,-6855.567803,-914.075707,-1187.966455,-6850.705115,-914.420296,152.778530
4245.045045,-1287.379299,-6865.306154,-915.374154,-1134.328297,-6859.468733,-915.600569,153.162449
4252.252252,-1234.015166,-6874.637927,-916.618390,-1080.622036,-6867.820526,-916.725872,153.544588
4259.459459,-1180.577943,-6883.562519,-917.808336,-1026.850894,-6875.759965,-917.796133,153.924936
4266.666667,-1127.070787,-6892.079353,-918.943914,-973.018092,-6883.286544,-918.811284,154.303479
4273.873874,-1073.496858,-6900.187873,-920.025050,-919.126862,-6890.399784,-919.771261,154.680209
4281.081081,-1019.859324,-6907.887549,-921.051673,-865.180434,-6897.099228,-920.676002,155.055113
4288.288288,-966.161354,-6915.177874,-922.023716,-811.182046,-6903.384447,-921.525449,155.428180
4295.495495,-912.406124,-6922.058365,-922.941115,-757.134936,-6909.255036,-922.319548,155.799401
4302.702703,-858.596813,-6928.528565,-923.803809,-703.042349,-6914.710613,-923.058247,156.168765
4309.909910,-804.736605,-6934.588038,-924.611738,-648.907530,-6919.750823,-923.741497,156.536261
4317.117117,-750.828685,-6940.236375,-925.364850,-594.733728,-6924.375335,-924.369254,156.901879
4324.324324,-696.876245,-6945.473190,-926.063092,-540.524195,-6928.583844,-924.941477,157.265608
4331.531532,-642.882478,-6950.298122,-926.706416,-486.282187,-6932.376069,-925.458128,157.627438
4338.738739,-588.850582,-6954.710832,-927.294778,-432.010960,-6935.751754,-925.919172,157.987360
4345.945946,-534.783757,-6958.711009,-927.828134,-377.713774,-6938.710670,-926.324577,158.345362
4353.153153,-480.685207,-6962.298363,-928.306448,-323.393890,-6941.252610,-926.674315,158.701437
4360.360360,-426.558137,-6965.472630,-928.729684,-269.054570,-6943.377396,-926.968362,159.055573
4367.567568,-372.405755,-6968.233572,-929.097810,-214.699079,-6945.084871,-927.206697,159.407761
4374.774775,-318.231272,-6970.580971,-929.410796,-160.330684,-6946.374906,-927.389301,159.757991
4381.981982,-264.037901,-6972.514639,-929.668618,-105.952651,-6947.247395,-927.516159,160.106255
4389.189189,-209.828856,-6974.034407,-929.871254,-51.568249,-6947.702261,-927.587262,160.452542
4396.396396,-155.607354,-6975.140135,-930.018685,2.819253,-6947.739448,-927.602600,160.796843
4403.603604,-101.376613,-6975.831705,-930.110894,57.206585,-6947.358926,-927.562170,161.139150
4410.810811,-47.139851,-6976.109025,-930.147870,111.590478,-6946.560694,-927.465969,161.479453
4418.018018,7.099710,-6975.972026,-930.129603,165.967661,-6945.344771,-927.314001,161.817744
4425.225225,61.338849,-6975.420664,-930.056089,220.334864,-6943.711204,-927.106271,162.154013
4432.432432,115.574344,-6974.454922,-929.927323,274.688816,-6941.660065,-926.842787,162.488253
4439.639640,169.802973,-6973.074805,-929.743307,329.026249,-6939.191451,-926.523563,162.820453
4446.846847,224.021512,-6971.280342,-929.504046,383.343892,-6936.305485,-926.148614,163.150607
4454.054054,278.226737,-6969.071590,-929.209545,437.638478,-6933.002314,-925.717959,163.478705
4461.261261,332.415426,-6966.448627,-928.859817,491.906740,-6929.282110,-925.231620,163.804740
4468.468468,386.584355,-6963.411558,-928.454874,546.145410,-6925.145072,-924.689624,164.128704
4475.675676,440.730301,-6959.960511,-927.994735,600.351225,-6920.591423,-924.091998,164.450588
4482.882883,494.850043,-6956.095642,-927.479419,654.520921,-6915.621412,-923.438777,164.770384
4490.090090,548.940358,-6951.817127,-926.908950,708.651236,-6910.235311,-922.729996,165.088085
4497.297297,602.998026,-6947.125170,-926.283356,762.738912,-6904.433420,-921.965694,165.403683
4504.504505,657.019828,-6942.019999,-925.602667,816.780691,-6898.216063,-921.145914,165.717171
4511.711712,711.002545,-6936.501866,-924.866915,870.773318,-6891.583589,-920.270701,166.028542
4518.918919,764.942962,-6930.571047,-924.076140,924.713541,-6884.536372,-919.340106,166.337787
4526.126126,818.837863,-6924.227845,-923.230379,978.598110,-6877.074811,-918.354180,166.644900
4533.333333,872.684034,-6917.472586,-922.329678,1032.423780,-6869.199333,-917.312980,166.949874
4540.540541,926.478267,-6910.305621,-921.374083,1086.187306,-6860.910385,-916.216566,167.252702
4547.747748,980.217352,-6902.727326,-920.363643,1139.885448,-6852.208443,-915.065000,167.553377
4554.954955,1033.898083,-6894.738100,-919.298413,1193.514972,-6843.094007,-913.858348,167.851893
4562.162162,1087.517256,-6886.338370,-918.178449,1247.072642,-6833.567601,-912.596680,168.148242
4569.369369,1141.071672,-6877.528584,-917.003811,1300.555232,-6823.629776,-911.280068,168.442419
4576.576577,1194.558133,-6868.309216,-915.774562,1353.959516,-6813.281106,-909.908589,168.734417
4583.783784,1247.973444,-6858.680766,-914.490769,1407.282275,-6802.522191,-908.482322,169.024230
4590.990991,1301.314417,-6848.643756,-913.152501,1460.520293,-6791.353655,-907.001350,169.311852
4598.198198,1354.577863,-6838.198734,-911.759831,1513.670360,-6779.776149,-905.465759,169.597278
4605.405405,1407.760599,-6827.346273,-910.312836,1566.729269,-6767.790346,-903.875638,169.880500
4612.612613,1460.859446,-6816.086969,-908.811596,1619.693820,-6755.396946,-902.231081,170.161513
4619.819820,1513.871229,-6804.421445,-907.256193,1672.560818,-6742.596673,-900.532182,170.440313
4627.027027,1566.792779,-6792.350345,-905.646713,1725.327073,-6729.390276,-898.779043,170.716893
4634.234234,1619.620929,-6779.874339,-903.983245,1777.989402,-6715.778528,-896.971764,170.991249
4641.441441,1672.352519,-6766.994123,-902.265883,1830.544627,-6701.762227,-895.110453,171.263374
4648.648649,1724.984392,-6753.710414,-900.494722,1882.989575,-6687.342196,-893.195218,171.533265
4655.855856,1777.513398,-6740.023958,-898.669861,1935.321081,-6672.519282,-891.226172,171.800915
4663.063063,1829.936391,-6725.935520,-896.791403,1987.535986,-6657.294357,-889.203430,172.066321
4670.270270,1882.250232,-6711.445894,-894.859453,2039.631137,-6641.668317,-887.127113,172.329477
4677.477477,1934.451787,-6696.555894,-892.874119,2091.603391,-6625.642083,-884.997342,172.590380
4684.684685,1986.537927,-6681.266362,-890.835515,2143.449609,-6609.216600,-882.814242,172.849024
4691.891892,2038.505533,-6665.578161,-888.743755,2195.166660,-6592.392837,-880.577942,173.105405
4699.099099,2090.351486,-6649.492180,-886.598957,2246.751421,-6575.171787,-878.288576,173.359519
4706.306306,2142.072679,-6633.009333,-884.401244,2298.200776,-6557.554470,-875.946277,173.611363
4713.513514,2193.666010,-6616.130554,-882.150741,2349.511617,-6539.541926,-873.551184,173.860932
4720.720721,2245.128382,-6598.856806,-879.847574,2400.680845,-6521.135222,-871.103440,174.108222
4727.927928,2296.456710,-6581.189072,-877.491876,2451.705368,-6502.335447,-868.603189,174.353230
4735.135135,2347.647910,-6563.128361,-875.083781,2502.582105,-6483.143717,-866.050579,174.595952
4742.342342,2398.698912,-6544.675704,-872.623427,2553.307981,-6463.561167,-863.445761,174.836386
4749.549550,2449.606648,-6525.832159,-870.110955,2603.879930,-6443.588961,-860.788891,175.074527
4756.756757,2500.368061,-6506.598805,-867.546507,2654.294897,-6423.228285,-858.080125,175.310373
4763.963964,2550.980101,-6486.976746,-864.930233,2704.549833,-6402.480346,-855.319625,175.543920
4771.171171,2601.439727,-6466.967107,-862.262281,2754.641702,-6381.346379,-852.507554,175.775166
4778.378378,2651.743906,-6446.571041,-859.542806,2804.567476,-6359.827639,-849.644081,176.004108
4785.585586,2701.889614,-6425.789721,-856.771963,2854.324136,-6337.925407,-846.729374,176.230744
4792.792793,2751.873836,-6404.624344,-853.949913,2903.908676,-6315.640985,-843.763608,176.455070
4800.000000,2801.693565,-6383.076132,-851.076818,2953.318097,-6292.975701,-840.746959,176.677085
4807.207207,2851.345804,-6361.146329,-848.152844,3002.549411,-6269.930903,-837.679607,176.896787
4814.414414,2900.827565,-6338.836202,-845.178160,3051.599641,-6246.507967,-834.561735,177.114173
4821.621622,2950.135869,-6316.147043,-842.152939,3100.465820,-6222.708287,-831.393528,177.329242
4828.828829,2999.267749,-6293.080164,-839.077355,3149.144994,-6198.533283,-828.175175,177.541991
4836.036036,3048.220246,-6269.636903,-835.951587,3197.634218,-6173.984396,-824.906869,177.752420
4843.243243,3096.990412,-6245.818619,-832.775816,3245.930560,-6149.063093,-821.588803,177.960526
4850.450450,3145.575309,-6221.626695,-829.550226,3294.031098,-6123.770859,-818.221177,178.166308
4857.657658,3193.972009,-6197.062537,-826.275005,3341.932923,-6098.109206,-814.804192,178.369766
4864.864865,3242.177595,-6172.127573,-822.950343,3389.633136,-6072.079668,-811.338051,178.570897
4872.072072,3290.189160,-6146.823255,-819.576434,3437.128850,-6045.683799,-807.822962,178.769701
4879.279279,3338.003811,-6121.151055,-816.153474,3484.417192,-6018.923178,-804.259134,178.966177
4886.486486,3385.618663,-6095.112470,-812.681663,3531.495302,-5991.799404,-800.646782,179.160324
4893.693694,3433.030845,-6068.709018,-809.161202,3578.360331,-5964.314099,-796.986121,179.352142
4900.900901,3480.237497,-6041.942239,-805.592299,3625.009442,-5936.468909,-793.277369,179.541630
4908.108108,3527.235768,-6014.813698,-801.975160,3671.439812,-5908.265499,-789.520749,179.728788
4915.315315,3574.022822,-5987.324979,-798.309997,3717.648632,-5879.705559,-785.716487,179.913617
4922.522523,3620.595834,-5959.477691,-794.597025,3763.633104,-5850.790798,-781.864809,180.096115
4929.729730,3666.951991,-5931.273462,-790.836462,3809.390444,-5821.522949,-777.965946,180.276283
4936.936937,3713.088494,-5902.713944,-787.028526,3854.917884,-5791.903765,-774.020132,180.454121
4944.144144,3759.002555,-5873.800809,-783.173441,3900.212666,-5761.935021,-770.027604,180.629629
4951.351351,3804.691401,-5844.535753,-779.271434,3945.272050,-5731.618513,-765.988600,180.802809
4958.558559,3850.152270,-5814.920492,-775.322732,3990.093308,-5700.956060,-761.903364,180.973660
4965.765766,3895.382414,-5784.956764,-771.327569,4034.673727,-5669.949499,-757.772139,181.142184
4972.972973,3940.379097,-5754.646329,-767.286177,4079.010606,-5638.600691,-753.595173,181.308381
4980.180180,3985.139598,-5723.990967,-763.198796,4123.101261,-5606.911517,-749.372719,181.472253
4987.387387,4029.661209,-5692.992481,-759.065664,4166.943023,-5574.883880,-745.105027,181.633800
4994.594595,4073.941237,-5661.652694,-754.887026,4210.533237,-5542.519701,-740.792356,181.793025
5001.801802,4117.977003,-5629.973449,-750.663127,4253.869263,-5509.820924,-736.434964,181.949928
5009.009009,4161.765842,-5597.956613,-746.394215,4296.948478,-5476.789511,-732.033112,182.104510
5016.216216,4205.305102,-5565.604070,-742.080543,4339.768272,-5443.427448,-727.587065,182.256775
5023.423423,4248.592148,-5532.917727,-737.722364,4382.326054,-5409.736737,-723.097090,182.406723
5030.630631,4291.624357,-5499.899512,-733.319935,4424.619246,-5375.719403,-718.563456,182.554358
5037.837838,4334.399122,-5466.551373,-728.873516,4466.645285,-5341.377492,-713.986437,182.699680
5045.045045,4376.913852,-5432.875278,-724.383370,4508.401626,-5306.713068,-709.366307,182.842692
5052.252252,4419.165971,-5398.873215,-719.849762,4549.885741,-5271.728214,-704.703345,182.983397
5059.459459,4461.152917,-5364.547192,-715.272959,4591.095117,-5236.425034,-699.997829,183.121797
5066.666667,4502.872146,-5329.899239,-710.653232,4632.027259,-5200.805651,-695.250044,183.257895
5073.873874,4544.321128,-5294.931403,-705.990854,4672.679687,-5164.872207,-690.460275,183.391693
5081.081081,4585.497350,-5259.645752,-701.286100,4713.049940,-5128.626864,-685.628811,183.523195
5088.288288,4626.398314,-5224.044375,-696.539250,4753.135572,-5092.071803,-680.755941,183.652404
5095.495495,4667.021537,-5188.129379,-691.750584,4792.934155,-5055.209224,-675.841959,183.779323
5102.702703,4707.364554,-5151.902892,-686.920386,4832.443277,-5018.041347,-670.887161,183.903955
5109.909910,4747.424918,-5115.367060,-682.048941,4871.660547,-4980.570408,-665.891845,184.026304
5117.117117,4787.200197,-5078.524048,-677.136540,4910.583588,-4942.798663,-660.856313,184.146374
5124.324324,4826.687977,-5041.376040,-672.183472,4949.210043,-4904.728386,-655.780866,184.264167
5131.531532,4865.885858,-5003.925239,-667.190032,4987.537573,-4866.361871,-650.665811,184.379689
5138.738739,4904.791461,-4966.173867,-662.156516,5025.563857,-4827.701427,-645.511456,184.492944
5145.945946,4943.402423,-4928.124166,-657.083222,5063.286591,-4788.749384,-640.318111,184.603934
5153.153153,4981.716396,-4889.778395,-651.970453,5100.703490,-4749.508089,-635.086089,184.712666
5160.360360,5019.731052,-4851.138832,-646.818511,5137.812287,-4709.979906,-629.815706,184.819143
5167.567568,5057.444081,-4812.207774,-641.627703,5174.610734,-4670.167218,-624.507279,184.923370
5174.774775,5094.853191,-4772.987533,-636.398338,5211.096604,-4630.072424,-619.161128,185.025352
5181.981982,5131.956108,-4733.480443,-631.130726,5247.267686,-4589.697940,-613.777575,185.125092
5189.189189,5168.750575,-4693.688852,-625.825180,5283.121790,-4549.046200,-608.356945,185.222598
5196.396396,5205.234354,-4653.615128,-620.482017,5318.656745,-4508.119655,-602.899564,185.317872
5203.603604,5241.405226,-4613.261656,-615.101554,5353.870398,-4466.920773,-597.405762,185.410922
5210.810811,5277.260990,-4572.630841,-609.684112,5388.760616,-4425.452038,-591.875870,185.501752
5218.018018,5312.799464,-4531.725101,-604.230013,5423.325286,-4383.715951,-586.310221,185.590368
5225.225225,5348.018485,-4490.546874,-598.739583,5457.562316,-4341.715031,-580.709152,185.676775
5232.432432,5382.915910,-4449.098614,-593.213149,5491.469631,-4299.451810,-575.072999,185.760980
5239.639640,5417.489613,-4407.382791,-587.651039,5525.045180,-4256.928837,-569.402104,185.842987
5246.846847,5451.737491,-4365.401893,-582.053586,5558.286928,-4214.148678,-563.696807,185.922804
5254.054054,5485.657457,-4323.158424,-576.421123,5591.192864,-4171.113915,-557.957454,186.000436
5261.261261,5519.247445,-4280.654904,-570.753987,5623.760995,-4127.827143,-552.184391,186.075890
5268.468468,5552.505408,-4237.893870,-565.052516,5655.989349,-4084.290975,-546.377965,186.149172
5275.675676,5585.429320,-4194.877877,-559.317050,5687.875975,-4040.508041,-540.538528,186.220289
5282.882883,5618.017175,-4151.609491,-553.547932,5719.418942,-3996.480981,-534.666432,186.289248
5290.090090,5650.266987,-4108.091298,-547.745506,5750.616340,-3952.212454,-528.762032,186.356055
5297.297297,5682.176790,-4064.325898,-541.910120,5781.466283,-3907.705131,-522.825683,186.420717
5304.504505,5713.744639,-4020.315906,-536.042121,5811.966903,-3862.961700,-516.857745,186.483242
5311.711712,5744.968609,-3976.063952,-530.141860,5842.116354,-3817.984861,-510.858577,186.543637
5318.918919,5775.846795,-3931.572683,-524.209691,5871.912811,-3772.777331,-504.828542,186.601908
5326.126126,5806.377315,-3886.844761,-518.245968,5901.354471,-3727.341839,-498.768003,186.658065
5333.333333,5836.558306,-3841.882861,-512.251048,5930.439553,-3681.681131,-492.677328,186.712113
5340.540541,5866.387926,-3796.689673,-506.225290,5959.166296,-3635.797962,-486.556883,186.764062
5347.747748,5895.864356,-3751.267904,-500.169054,5987.532963,-3589.695105,-480.407039,186.813918
5354.954955,5924.985796,-3705.620270,-494.082703,6015.537838,-3543.375343,-474.228167,186.861691
5362.162162,5953.750470,-3659.749507,-487.966601,6043.179228,-3496.841474,-468.020639,186.907387
5369.369369,5982.156622,-3613.658361,-481.821115,6070.455460,-3450.096308,-461.784831,186.951016
5376.576577,6010.202518,-3567.349593,-475.646612,6097.364885,-3403.142671,-455.521120,186.992585
5383.783784,6037.886444,-3520.825979,-469.443464,6123.905876,-3355.983398,-449.229885,187.032104
5390.990991,6065.206710,-3474.090308,-463.212041,6150.076827,-3308.621340,-442.911504,187.069581
5398.198198,6092.161648,-3427.145381,-456.952717,6175.876158,-3261.059357,-436.566360,187.105024
5405.405405,6118.749611,-3379.994012,-450.665868,6201.302307,-3213.300322,-430.194837,187.138443
5412.612613,6144.968976,-3332.639029,-444.351871,6226.353740,-3165.347122,-423.797318,187.169847
5419.819820,6170.818140,-3285.083273,-438.011103,6251.028942,-3117.202654,-417.374192,187.199244
5427.027027,6196.295524,-3237.329596,-431.643946,6275.326422,-3068.869826,-410.925845,187.226645
5434.234234,6221.399571,-3189.380865,-425.250782,6299.244712,-3020.351561,-404.452668,187.252058
5441.441441,6246.128747,-3141.239958,-418.831994,6322.782367,-2971.650790,-397.955052,187.275493
5448.648649,6270.481539,-3092.909764,-412.387969,6345.937966,-2922.770456,-391.433389,187.296959
5455.855856,6294.456459,-3044.393186,-405.919091,6368.710111,-2873.713513,-384.888074,187.316467
5463.063063,6318.052043,-2995.693136,-399.425751,6391.097426,-2824.482927,-378.319501,187.334027
5470.270270,6341.266846,-2946.812540,-392.908339,6413.098561,-2775.081671,-371.728069,187.349648
5477.477477,6364.099449,-2897.754334,-386.367244,6434.712188,-2725.512732,-365.114176,187.363340
5484.684685,6386.548457,-2848.521465,-379.802862,6455.937002,-2675.779106,-358.478221,187.375113
5491.891892,6408.612495,-2799.116893,-373.215586,6476.771724,-2625.883799,-351.820605,187.384979
5499.099099,6430.290214,-2749.543587,-366.605812,6497.215096,-2575.829827,-345.141731,187.392948
5506.306306,6451.580287,-2699.804527,-359.973937,6517.265885,-2525.620216,-338.442002,187.399029
5513.513514,6472.481413,-2649.902704,-353.320361,6536.922884,-2475.258000,-331.721824,187.403235
5520.720721,6492.992312,-2599.841118,-346.645482,6556.184907,-2424.746223,-324.981602,187.405576
5527.927928,6513.111730,-2549.622779,-339.949704,6575.050794,-2374.087938,-318.221745,187.406062
5535.135135,6532.838435,-2499.250708,-333.233428,6593.519408,-2323.286208,-311.442660,187.404705
5542.342342,6552.171219,-2448.727937,-326.497058,6611.589637,-2272.344103,-304.644757,187.401516
5549.549550,6571.108899,-2398.057504,-319.741001,6629.260394,-2221.264703,-297.828448,187.396507
5556.756757,6589.650316,-2347.242460,-312.965661,6646.530613,-2170.051096,-290.994144,187.389688
5563.963964,6607.794335,-2296.285862,-306.171448,6663.399257,-2118.706377,-284.142259,187.381072
5571.171171,6625.539844,-2245.190777,-299.358770,6679.865311,-2067.233650,-277.273206,187.370670
5578.378378,6642.885758,-2193.960282,-292.528038,6695.927786,-2015.636025,-270.387401,187.358493
5585.585586,6659.831014,-2142.597460,-285.679661,6711.585714,-1963.916622,-263.485261,187.344555
5592.792793,6676.374574,-2091.105404,-278.814054,6726.838157,-1912.078568,-256.567201,187.328866
5600.000000,6692.515425,-2039.487216,-271.931629,6741.684198,-1860.124995,-249.633641,187.311438
5607.207207,6708.252578,-1987.746006,-265.032801,6756.122945,-1808.059045,-242.685000,187.292285
5614.414414,6723.585069,-1935.884889,-258.117985,6770.153533,-1755.883865,-235.721697,187.271419
5621.621622,6738.511960,-1883.906989,-251.187599,6783.775121,-1703.602607,-228.744154,187.248851
5628.828829,6753.032335,-1831.815438,-244.242058,6796.986891,-1651.218432,-221.752792,187.224595
5636.036036,6767.145306,-1779.613375,-237.281783,6809.788053,-1598.734505,-214.748034,187.198663
5643.243243,6780.850006,-1727.303946,-230.307193,6822.177840,-1546.154001,-207.730303,187.171067
5650.450450,6794.145597,-1674.890303,-223.318707,6834.155510,-1493.480096,-200.700023,187.141822
5657.657658,6807.031263,-1622.375607,-216.316748,6845.720349,-1440.715975,-193.657620,187.110939
5664.864865,6819.506216,-1569.763022,-209.301736,6856.871664,-1387.864825,-186.603519,187.078432
5672.072072,6831.569689,-1517.055719,-202.274096,6867.608791,-1334.929842,-179.538146,187.044314
5679.279279,6843.220945,-1464.256877,-195.234250,6877.931089,-1281.914223,-172.461928,187.008599
5686.486486,6854.459269,-1411.369679,-188.182624,6887.837942,-1228.821173,-165.375293,186.971300
5693.693694,6865.283972,-1358.397314,-181.119642,6897.328761,-1175.653902,-158.278669,186.932430
5700.900901,6875.694390,-1305.342977,-174.045730,6906.402982,-1122.415621,-151.172485,186.892003
5708.108108,6885.689886,-1252.209868,-166.961316,6915.060066,-1069.109548,-144.057170,186.850032
5715.315315,6895.269846,-1199.001190,-159.866825,6923.299498,-1015.738903,-136.933155,186.806533
5722.522523,6904.433683,-1145.720155,-152.762687,6931.120792,-962.306912,-129.800870,186.761518
5729.729730,6913.180835,-1092.369974,-145.649330,6938.523484,-908.816802,-122.660745,186.715001
5736.936937,6921.510766,-1038.953867,-138.527182,6945.507138,-855.271806,-115.513212,186.666997
5744.144144,6929.422966,-985.475056,-131.396674,6952.071342,-801.675160,-108.358704,186.617520
5751.351351,6936.916948,-931.936769,-124.258236,6958.215710,-748.030100,-101.197651,186.566585
5758.558559,6943.992254,-878.342234,-117.112298,6963.939882,-694.339868,-94.030488,186.514205
5765.765766,6950.648449,-824.694687,-109.959292,6969.243523,-640.607706,-86.857646,186.460396
5772.972973,6956.885126,-770.997363,-102.799648,6974.126323,-586.836862,-79.679559,186.405171
5780.180180,6962.701902,-717.253504,-95.633801,6978.588001,-533.030581,-72.496661,186.348546
5787.387387,6968.098420,-663.466353,-88.462180,6982.628297,-479.192116,-65.309386,186.290535
5794.594595,6973.074349,-609.639155,-81.285221,6986.246981,-425.324717,-58.118167,186.231154
5801.801802,6977.629384,-555.775160,-74.103355,6989.443844,-371.431637,-50.923439,186.170418
5809.009009,6981.763246,-501.877618,-66.917016,6992.218707,-317.516131,-43.725636,186.108341
5816.216216,6985.475680,-447.949782,-59.726638,6994.571416,-263.581455,-36.525194,186.044939
5823.423423,6988.766461,-393.994906,-52.532654,6996.501839,-209.630866,-29.322546,185.980226
5830.630631,6991.635384,-340.016249,-45.335500,6998.009874,-155.667621,-22.118128,185.914219
5837.837838,6994.082276,-286.017067,-38.135609,6999.095444,-101.694979,-14.912375,185.846933
5845.045045,6996.106985,-232.000621,-30.933416,6999.758495,-47.716198,-7.705721,185.778384
5852.252252,6997.709387,-177.970170,-23.729356,6999.999002,6.265464,-0.498603,185.708587
5859.459459,6998.889384,-123.928977,-16.523864,6999.816964,60.246748,6.708546,185.637558
5866.666667,6999.646904,-69.880302,-9.317374,6999.212405,114.224395,13.915290,185.565312
5873.873874,6999.981899,-15.827410,-2.110321,6998.185378,168.195148,21.121194,185.491866
5881.081081,6999.894351,38.226438,5.096858,6996.735957,222.155749,28.325823,185.417236
5888.288288,6999.384263,92.277979,12.303731,6994.864246,276.102941,35.528742,185.341437
5895.495495,6998.451668,146.323949,19.509860,6992.570372,330.033470,42.729517,185.264487
5902.702703,6997.096622,200.361087,26.714812,6989.854488,383.944081,49.927714,185.186401
5909.909910,6995.319209,254.386130,33.918151,6986.716774,437.831521,57.122897,185.107195
5917.117117,6993.119537,308.395818,41.119442,6983.157435,491.692540,64.314633,185.026886
5924.324324,6990.497742,362.386890,48.318252,6979.176701,545.523888,71.502488,184.945491
5931.531532,6987.453985,416.356088,55.514145,6974.774829,599.322318,78.686029,184.863026
5938.738739,6983.988451,470.300153,62.706687,6969.952099,653.084584,85.864821,184.779508
5945.945946,6980.101354,524.215831,69.895444,6964.708819,706.807446,93.038433,184.694953
5953.153153,6975.792932,578.099867,77.079982,6959.045322,760.487661,100.206431,184.609379
5960.360360,6971.063449,631.949008,84.259868,6952.961967,814.121995,107.368383,184.522802
5967.567568,6965.913195,685.760005,91.434667,6946.459136,867.707212,114.523858,184.435239
5974.774775,6960.342487,739.529610,98.603948,6939.537240,921.240083,121.672424,184.346708
5981.981982,6954.351666,793.254579,105.767277,6932.196713,974.717379,128.813650,184.257225
5989.189189,6947.941099,846.931669,112.924223,6924.438015,1028.135877,135.947106,184.166807
5996.396396,6941.111179,900.557642,120.074352,6916.261632,1081.492357,143.072361,184.075473
6003.603604,6933.862326,954.129260,127.217235,6907.668074,1134.783604,150.188986,183.983239
6010.810811,6926.194983,1007.643293,134.352439,6898.657879,1188.006407,157.296553,183.890123
6018.018018,6918.109621,1061.096511,141.479535,6889.231606,1241.157558,164.394633,183.796142
6025.225225,6909.606736,1114.485690,148.598092,6879.389843,1294.233854,171.482798,183.701314
6032.432432,6900.686849,1167.807609,155.707681,6869.133202,1347.232098,178.560621,183.605656
6039.639640,6891.350507,1221.059050,162.807873,6858.462320,1400.149098,185.627676,183.509186
6046.846847,6881.598283,1274.236802,169.898240,6847.377859,1452.981666,192.683538,183.411923
6054.054054,6871.430774,1327.337658,176.978354,6835.880506,1505.726621,199.727781,183.313884
6061.261261,6860.848603,1380.358415,184.047789,6823.970972,1558.380785,206.759981,183.215086
6068.468468,6849.852420,1433.295875,191.106117,6811.649997,1610.940989,213.779714,183.115548
6075.675676,6838.442898,1486.146847,198.152913,6798.918341,1663.404068,220.786559,183.015287
6082.882883,6826.620737,1538.908142,205.187752,6785.776791,1715.766863,227.780093,182.914322
6090.090090,6814.386661,1591.576580,212.210211,6772.226160,1768.026223,234.759895,182.812671
6097.297297,6801.741420,1644.148987,219.219865,6758.267283,1820.179003,241.725545,182.710353
6104.504505,6788.685790,1696.622192,226.216292,6743.901022,1872.222063,248.676625,182.607385
6111.711712,6775.220570,1748.993033,233.199071,6729.128262,1924.152273,255.612715,182.503786
6118.918919,6761.346585,1801.258353,240.167780,6713.949915,1975.966507,262.533398,182.399573
6126.126126,6747.064686,1853.415002,247.122000,6698.366915,2027.661649,269.438258,182.294766
6133.333333,6732.375747,1905.459838,254.061312,6682.380222,2079.234588,276.326880,182.189384
6140.540541,6717.280669,1957.389725,260.985297,6665.990819,2130.682224,283.198849,182.083445
6147.747748,6701.780376,2009.201533,267.893538,6649.199714,2182.001462,290.053752,181.976968
6154.954955,6685.875818,2060.892143,274.785619,6632.007940,2233.189218,296.891178,181.869970
6162.162162,6669.567969,2112.458440,281.661125,6614.416553,2284.242411,303.710714,181.762471
6169.369369,6652.857828,2163.897319,288.519642,6596.426635,2335.157974,310.511950,181.654489
6176.576577,6635.746418,2215.205681,295.360757,6578.039290,2385.932847,317.294479,181.546043
6183.783784,6618.234787,2266.380438,302.184058,6559.255646,2436.563977,324.057892,181.437154
6190.990991,6600.324008,2317.418508,308.989134,6540.076856,2487.048323,330.801783,181.327839
6198.198198,6582.015177,2368.316821,315.775576,6520.504097,2537.382852,337.525747,181.218117
6205.405405,6563.309415,2419.072311,322.542975,6500.538569,2587.564539,344.229380,181.108007
6212.612613,6544.207867,2469.681924,329.290923,6480.181496,2637.590370,350.912279,180.997528
6219.819820,6524.711703,2520.142616,336.019015,6459.434126,2687.457339,357.574042,180.886699
6227.027027,6504.822116,2570.451349,342.726847,6438.297729,2737.162454,364.214270,180.775541
6234.234234,6484.540324,2620.605097,349.414013,6416.773600,2786.702729,370.832565,180.664071
6241.441441,6463.867566,2670.600845,356.080113,6394.863056,2836.075191,377.428528,180.552310
6248.648649,6442.805110,2720.435585,362.724745,6372.567439,2885.276876,384.001764,180.440276
6255.855856,6421.354242,2770.106322,369.347510,6349.888113,2934.304832,390.551878,180.327988
6263.063063,6399.516275,2819.610068,375.948009,6326.826466,2983.156114,397.078477,180.215466
6270.270270,6377.292546,2868.943848,382.525846,6303.383907,3031.827793,403.581169,180.102730
6277.477477,6354.684415,2918.104697,389.080626,6279.561869,3080.316949,410.059566,179.989798
6284.684685,6331.693263,2967.089661,395.611955,6255.361810,3128.620674,416.513277,179.876691
6291.891892,6308.320496,3015.895797,402.119440,6230.785207,3176.736070,422.941916,179.763428
6299.099099,6284.567545,3064.520174,408.602690,6205.833561,3224.660254,429.345097,179.650029
6306.306306,6260.435860,3112.959870,415.061316,6180.508397,3272.390351,435.722437,179.536513
6313.513514,6235.926918,3161.211978,421.494930,6154.811261,3319.923500,442.073553,179.422899
6320.720721,6211.042216,3209.273601,427.903147,6128.743722,3367.256852,448.398065,179.309206
6327.927928,6185.783276,3257.141852,434.285580,6102.307370,3414.387570,454.695593,179.195456
6335.135135,6160.151642,3304.813860,440.641848,6075.503818,3461.312831,460.965760,179.081667
6342.342342,6134.148879,3352.286764,446.971568,6048.334701,3508.029825,467.208190,178.967860
6349.549550,6107.776577,3399.557716,453.274362,6020.801677,3554.535752,473.422511,178.854055
6356.756757,6081.036346,3446.623881,459.549851,5992.906422,3600.827829,479.608349,178.740270
6363.963964,6053.929820,3493.482437,465.797658,5964.650639,3646.903282,485.765334,178.626526
6371.171171,6026.458654,3540.130575,472.017410,5936.036049,3692.759353,491.893098,178.512841
6378.378378,5998.624527,3586.565497,478.208733,5907.064396,3738.393297,497.991273,178.399236
6385.585586,5970.429138,3632.784420,484.371256,5877.737444,3783.802385,504.059495,178.285732
6392.792793,5941.874209,3678.784577,490.504610,5848.056980,3828.983897,510.097401,178.172349
6400.000000,5912.961481,3724.563211,496.608428,5818.024809,3873.935133,516.104629,178.059105
6407.207207,5883.692721,3770.117580,502.682344,5787.642761,3918.653404,522.080820,177.946022
6414.414414,5854.069715,3815.444959,508.725994,5756.912684,3963.136034,528.025617,177.833118
6421.621622,5824.094269,3860.542632,514.739018,5725.836449,4007.380364,533.938665,177.720413
6428.828829,5793.768214,3905.407901,520.721053,5694.415947,4051.383748,539.819609,177.607927
6436.036036,5763.093399,3950.038081,526.671744,5662.653088,4095.143557,545.668098,177.495681
6443.243243,5732.071695,3994.430502,532.590734,5630.549804,4138.657176,551.483783,177.383695
6450.450450,5700.704995,4038.582510,538.477668,5598.108046,4181.922004,557.266316,177.271988
6457.657658,5668.995211,4082.491466,544.332195,5565.329786,4224.935459,563.015352,177.160582
6464.864865,5636.944276,4126.154744,550.153966,5532.217017,4267.694970,568.730548,177.049495
6472.072072,5604.554143,4169.569735,555.942631,5498.771750,4310.197984,574.411561,176.938747
6479.279279,5571.826788,4212.733847,561.697846,5464.996018,4352.441963,580.058054,176.828358
6486.486486,5538.764205,4255.644500,567.419267,5430.891872,4394.424385,585.669689,176.718349
6493.693694,5505.368409,4298.299132,573.106551,5396.461383,4436.142746,591.246130,176.608739
6500.900901,5471.641434,4340.695196,578.759359,5361.706641,4477.594556,596.787046,176.499549
6508.108108,5437.585335,4382.830164,584.377355,5326.629756,4518.777342,602.292106,176.390799
6515.315315,5403.202186,4424.701522,589.960203,5291.232857,4559.688648,607.760981,176.282508
6522.522523,5368.494080,4466.306772,595.507570,5255.518090,4600.326036,613.193345,176.174698
6529.729730,5333.463131,4507.643434,601.019125,5219.487624,4640.687081,618.588875,176.067387
6536.936937,5298.111471,4548.709044,606.494539,5183.143643,4680.769378,623.947248,175.960594
6544.144144,5262.441253,4589.501154,611.933487,5146.488353,4720.570538,629.268146,175.854341
6551.351351,5226.454647,4630.017334,617.335644,5109.523975,4760.088190,634.551251,175.748647
6558.558559,5190.153844,4670.255171,622.700689,5072.252750,4799.319979,639.796249,175.643534
6565.765766,5153.541050,4710.212271,628.028303,5034.676936,4838.263571,645.002827,175.539020
6572.972973,5116.618494,4749.886256,633.318167,4996.798812,4876.916645,650.170676,175.435125
6580.180180,5079.388420,4789.274764,638.569969,4958.620671,4915.276902,655.299487,175.331871
6587.387387,5041.853092,4828.375455,643.783394,4920.144826,4953.342058,660.388956,175.229275
6594.594595,5004.014793,4867.186003,648.958134,4881.373609,4991.109848,665.438779,175.127357
6601.801802,4965.875822,4905.704100,654.093880,4842.309367,5028.578025,670.448657,175.026138
6609.009009,4927.438498,4943.927458,659.190328,4802.954465,5065.744360,675.418291,174.925638
6616.216216,4888.705157,4981.853808,664.247174,4763.311285,5102.606645,680.347385,174.825878
6623.423423,4849.678151,5019.480898,669.264120,4723.382226,5139.162687,685.235647,174.726876
6630.630631,4810.359850,5056.806494,674.240866,4683.169704,5175.410315,690.082787,174.628652
6637.837838,4770.752643,5093.828383,679.177118,4642.676152,5211.347375,694.888515,174.531227
6645.045045,4730.858934,5130.544369,684.072583,4601.904019,5246.971733,699.652548,174.434619
6652.252252,4690.681145,5166.952276,688.926970,4560.855771,5282.281271,704.374601,174.338848
6659.459459,4650.221716,5203.049945,693.739993,4519.533892,5317.273894,709.054395,174.243934
6666.666667,4609.483101,5238.835238,698.511365,4477.940879,5351.947524,713.691651,174.149897
6673.873874,4568.467774,5274.306036,703.240805,4436.079245,5386.300105,718.286095,174.056757
6681.081081,4527.178221,5309.460241,707.928032,4393.951521,5420.329598,722.837453,173.964533
6688.288288,4485.616947,5344.295772,712.572770,4351.560252,5454.033986,727.345457,173.873245
6695.495495,4443.786471,5378.810569,717.174743,4308.907999,5487.411270,731.809838,173.782912
6702.702703,4401.689331,5413.002593,721.733679,4265.997338,5520.459471,736.230332,173.693553
6709.909910,4359.328077,5446.869823,726.249310,4222.830861,5553.176631,740.606678,173.605188
6717.117117,4316.705278,5480.410259,730.721368,4179.411175,5585.560810,744.938615,173.517836
6724.324324,4273.823517,5513.621919,735.149589,4135.740902,5617.610092,749.225887,173.431516
6731.531532,4230.685391,5546.502846,739.533713,4091.822676,5649.322579,753.468240,173.346249
6738.738739,4187.293513,5579.051099,743.873480,4047.659149,5680.696393,757.665424,173.262053
6745.945946,4143.650511,5611.264760,748.168635,4003.252985,5711.729678,761.817189,173.178948
6753.153153,4099.759026,5643.141931,752.418924,3958.606863,5742.420599,765.923291,173.096953
6760.360360,4055.621717,5674.680734,756.624098,3913.723476,5772.767341,769.983486,173.016087
6767.567568,4011.241252,5705.879315,760.783909,3868.605531,5802.768108,773.997534,172.936367
6774.774775,3966.620320,5736.735835,764.898111,3823.255750,5832.421128,777.965198,172.857814
6781.981982,3921.761619,5767.248482,768.966464,3777.676867,5861.724649,781.886244,172.780447
6789.189189,3876.667864,5797.415461,772.988728,3731.871628,5890.676940,785.760440,172.704284
6796.396396,3831.341779,5827.235001,776.964667,3685.842794,5919.276291,789.587557,172.629346
6803.603604,3785.786106,5856.705352,780.894047,3639.593139,5947.521015,793.367369,172.555650
6810.810811,3740.003599,5885.824783,784.776638,3593.125449,5975.409445,797.099654,172.483214
6818.018018,3693.997023,5914.591589,788.612212,3546.442523,6002.939937,800.784191,172.412059
6825.225225,3647.769158,5943.004083,792.400544,3499.547174,6030.110867,804.420763,172.342201
6832.432432,3601.322798,5971.060601,796.141413,3452.442225,6056.920633,808.009155,172.273659
6839.639640,3554.660748,5998.759499,799.834600,3405.130513,6083.367655,811.549157,172.206452
6846.846847,3507.785826,6026.099159,803.479888,3357.614886,6109.450376,815.040558,172.140599
6854.054054,3460.700861,6053.077981,807.077064,3309.898203,6135.167260,818.483155,172.076118
6861.261261,3413.408695,6079.694391,810.625919,3261.983336,6160.516794,821.876745,172.013027
6868.468468,3365.912182,6105.946833,814.126244,3213.873168,6185.497488,825.221127,171.951344
6875.675676,3318.214186,6131.833776,817.577837,3165.570593,6210.107871,828.516105,171.891088
6882.882883,3270.317585,6157.353712,820.980495,3117.078516,6234.346498,831.761486,171.832276
6890.090090,3222.225267,6182.505154,824.334020,3068.399855,6258.211943,834.957078,171.774925
6897.297297,3173.940133,6207.286636,827.638218,3019.537537,6281.702806,838.102694,171.719054
6904.504505,3125.465093,6231.696717,830.892896,2970.494499,6304.817707,841.198150,171.664681
6911.711712,3076.803069,6255.733978,834.097864,2921.273689,6327.555290,844.243263,171.611823
6918.918919,3027.956991,6279.397024,837.252937,2871.878064,6349.914221,847.237856,171.560500
6926.126126,2978.929802,6302.684482,840.357931,2822.310594,6371.893192,850.181752,171.510726
6933.333333,2929.724454,6325.595000,843.412667,2772.574256,6393.490912,853.074779,171.462521
6940.540541,2880.343910,6348.127253,846.416967,2722.672038,6414.706118,855.916767,171.415900
6947.747748,2830.791143,6370.279934,849.370658,2672.606938,6435.537568,858.707551,171.370882
6954.954955,2781.069135,6392.051764,852.273569,2622.381963,6455.984043,861.446967,171.327482
6962.162162,2731.180879,6413.441484,855.125531,2572.000128,6476.044347,864.134855,171.285720
6969.369369,2681.129375,6434.447860,857.926381,2521.464457,6495.717309,866.771057,171.245612
6976.576577,2630.917632,6455.069680,860.675957,2470.777985,6515.001780,869.355420,171.207174
6983.783784,2580.548671,6475.305757,863.374101,2419.943752,6533.896635,871.887793,171.170424
6990.990991,2530.025518,6495.154927,866.020657,2368.964808,6552.400771,874.368029,171.135377
6998.198198,2479.351210,6514.616048,868.615473,2317.844214,6570.513109,876.795982,171.102050
7005.405405,2428.528792,6533.688004,871.158401,2266.585036,6588.232596,879.171511,171.070460
7012.612613,2377.561317,6552.369700,873.649293,2215.190349,6605.558198,881.494478,171.040623
7019.819820,2326.451847,6570.660066,876.088009,2163.663234,6622.488909,883.764748,171.012555
7027.027027,2275.203450,6588.558057,878.474408,2112.006781,6639.023745,885.982189,170.986273
7034.234234,2223.819202,6606.062650,880.808353,2060.224085,6655.161746,888.146671,170.961792
7041.441441,2172.302187,6623.172847,883.089713,2008.318252,6670.901975,890.258071,170.939129
7048.648649,2120.655496,6639.887673,885.318356,1956.292393,6686.243519,892.316264,170.918299
7055.855856,2068.882227,6656.206177,887.494157,1904.149624,6701.185490,894.321132,170.899317
7063.063063,2016.985485,6672.127433,889.616991,1851.893071,6715.727024,896.272558,170.882199
7070.270270,1964.968382,6687.650538,891.686738,1799.525864,6729.867279,898.170431,170.866961
7077.477477,1912.834036,6702.774613,893.703282,1747.051139,6743.605439,900.014640,170.853618
7084.684685,1860.585572,6717.498804,895.666507,1694.472039,6756.940711,901.805078,170.842185
7091.891892,1808.226120,6731.822281,897.576304,1641.791711,6769.872328,903.541644,170.832677
7099.099099,1755.758815,6745.744238,899.432565,1589.013310,6782.399544,905.224236,170.825110
7106.306306,1703.186800,6759.263894,901.235186,1536.139996,6794.521641,906.852758,170.819497
7113.513514,1650.513222,6772.380489,902.984065,1483.174933,6806.237921,908.427116,170.815853
7120.720721,1597.741236,6785.093292,904.679106,1430.121291,6817.547714,909.947221,170.814193
7127.927928,1544.873999,6797.401594,906.320213,1376.982244,6828.450373,911.412985,170.814532
7135.135135,1491.914674,6809.304709,907.907295,1323.760972,6838.945274,912.824324,170.816884
7142.342342,1438.866427,6820.801979,909.440264,1270.460656,6849.031819,914.181158,170.821262
7149.549550,1385.732432,6831.892767,910.919036,1217.084486,6858.709435,915.483410,170.827682
7156.756757,1332.515865,6842.576462,912.343528,1163.635654,6867.977571,916.731006,170.836156
7163.963964,1279.219907,6852.852478,913.713664,1110.117355,6876.835703,917.923875,170.846697
7171.171171,1225.847742,6862.720251,915.029367,1056.532789,6885.283329,919.061949,170.859321
7178.378378,1172.402560,6872.179246,916.290566,1002.885159,6893.319973,920.145164,170.874040
7185.585586,1118.887552,6881.228948,917.497193,949.177670,6900.945184,921.173460,170.890869
7192.792793,1065.305914,6889.868869,918.649183,895.413533,6908.158535,922.146779,170.909819
7200.000000,1011.660843,6898.098545,919.746473,841.595959,6914.959623,923.065066,170.930903
